Date,08:30:00,08:31:00,08:32:00,08:33:00,08:34:00,08:35:00,08:36:00,08:37:00,08:38:00,08:39:00,08:40:00,08:41:00,08:42:00,08:43:00,08:44:00,08:45:00,08:46:00,08:47:00,08:48:00,08:49:00,08:50:00,08:51:00,08:52:00,08:53:00,08:54:00,08:55:00,08:56:00,08:57:00,08:58:00,08:59:00,09:00:00,09:01:00,09:02:00,09:03:00,09:04:00,09:05:00,09:06:00,09:07:00,09:08:00,09:09:00,09:10:00,09:11:00,09:12:00,09:13:00,09:14:00,09:15:00,09:16:00,09:17:00,09:18:00,09:19:00,09:20:00,09:21:00,09:22:00,09:23:00,09:24:00,09:25:00,09:26:00,09:27:00,09:28:00,09:29:00,09:30:00,09:31:00,09:32:00,09:33:00,09:34:00,09:35:00,09:36:00,09:37:00,09:38:00,09:39:00,09:40:00,09:41:00,09:42:00,09:43:00,09:44:00,09:45:00,09:46:00,09:47:00,09:48:00,09:49:00,09:50:00,09:51:00,09:52:00,09:53:00,09:54:00,09:55:00,09:56:00,09:57:00,09:58:00,09:59:00,10:00:00,10:01:00,10:02:00,10:03:00,10:04:00,10:05:00,10:06:00,10:07:00,10:08:00,10:09:00,10:10:00,10:11:00,10:12:00,10:13:00,10:14:00,10:15:00,10:16:00,10:17:00,10:18:00,10:19:00,10:20:00,10:21:00,10:22:00,10:23:00,10:24:00,10:25:00,10:26:00,10:27:00,10:28:00,10:29:00,10:30:00,10:31:00,10:32:00,10:33:00,10:34:00,10:35:00,10:36:00,10:37:00,10:38:00,10:39:00,10:40:00,10:41:00,10:42:00,10:43:00,10:44:00,10:45:00,10:46:00,10:47:00,10:48:00,10:49:00,10:50:00,10:51:00,10:52:00,10:53:00,10:54:00,10:55:00,10:56:00,10:57:00,10:58:00,10:59:00,11:00:00,11:01:00,11:02:00,11:03:00,11:04:00,11:05:00,11:06:00,11:07:00,11:08:00,11:09:00,11:10:00,11:11:00,11:12:00,11:13:00,11:14:00,11:15:00,11:16:00,11:17:00,11:18:00,11:19:00,11:20:00,11:21:00,11:22:00,11:23:00,11:24:00,11:25:00,11:26:00,11:27:00,11:28:00,11:29:00,11:30:00,11:31:00,11:32:00,11:33:00,11:34:00,11:35:00,11:36:00,11:37:00,11:38:00,11:39:00,11:40:00,11:41:00,11:42:00,11:43:00,11:44:00,11:45:00,11:46:00,11:47:00,11:48:00,11:49:00,11:50:00,11:51:00,11:52:00,11:53:00,11:54:00,11:55:00,11:56:00,11:57:00,11:58:00,11:59:00,12:00:00,12:01:00,12:02:00,12:03:00,12:04:00,12:05:00,12:06:00,12:07:00,12:08:00,12:09:00,12:10:00,12:11:00,12:12:00,12:13:00,12:14:00,12:15:00,12:16:00,12:17:00,12:18:00,12:19:00,12:20:00,12:21:00,12:22:00,12:23:00,12:24:00,12:25:00,12:26:00,12:27:00,12:28:00,12:29:00,12:30:00,12:31:00,12:32:00,12:33:00,12:34:00,12:35:00,12:36:00,12:37:00,12:38:00,12:39:00,12:40:00,12:41:00,12:42:00,12:43:00,12:44:00,12:45:00,12:46:00,12:47:00,12:48:00,12:49:00,12:50:00,12:51:00,12:52:00,12:53:00,12:54:00,12:55:00,12:56:00,12:57:00,12:58:00,12:59:00,13:00:00,13:01:00,13:02:00,13:03:00,13:04:00,13:05:00,13:06:00,13:07:00,13:08:00,13:09:00,13:10:00,13:11:00,13:12:00,13:13:00,13:14:00,13:15:00,13:16:00,13:17:00,13:18:00,13:19:00,13:20:00,13:21:00,13:22:00,13:23:00,13:24:00,13:25:00,13:26:00,13:27:00,13:28:00,13:29:00,13:30:00,13:31:00,13:32:00,13:33:00,13:34:00,13:35:00,13:36:00,13:37:00,13:38:00,13:39:00,13:40:00,13:41:00,13:42:00,13:43:00,13:44:00,13:45:00,13:46:00,13:47:00,13:48:00,13:49:00,13:50:00,13:51:00,13:52:00,13:53:00,13:54:00,13:55:00,13:56:00,13:57:00,13:58:00,13:59:00,14:00:00,14:01:00,14:02:00,14:03:00,14:04:00,14:05:00,14:06:00,14:07:00,14:08:00,14:09:00,14:10:00,14:11:00,14:12:00,14:13:00,14:14:00,14:15:00,14:16:00,14:17:00,14:18:00,14:19:00,14:20:00,14:21:00,14:22:00,14:23:00,14:24:00,14:25:00,14:26:00,14:27:00,14:28:00,14:29:00,14:30:00,14:31:00,14:32:00,14:33:00,14:34:00,14:35:00,14:36:00,14:37:00,14:38:00,14:39:00,14:40:00,14:41:00,14:42:00,14:43:00,14:44:00,14:45:00,14:46:00,14:47:00,14:48:00,14:49:00,14:50:00,14:51:00,14:52:00,14:53:00,14:54:00,14:55:00,14:56:00,14:57:00,14:58:00,14:59:00,15:00:00,DAILY_BIAS,DAILY_BIAS_MACD_RSI,Symbol,AUTOMATIC_TRADING_MODE,MACD_RSI_OPEN_LONG_RULE_1,MACD_RSI_OPEN_LONG_RULE_2,MACD_RSI_OPEN_LONG_RULE_3,MACD_RSI_OPEN_LONG_RULE_4,MACD_RSI_OPEN_LONG_RULE_BROOMS,MACD_RSI_OPEN_SHORT_RULE_1,MACD_RSI_OPEN_SHORT_RULE_2,MACD_RSI_OPEN_SHORT_RULE_3,MACD_RSI_OPEN_SHORT_RULE_4,MACD_RSI_OPEN_SHORT_RULE_BROOMS,MACD_RSI_CLOSE_LONG_RULE_1,MACD_RSI_CLOSE_LONG_RULE_2,MACD_RSI_CLOSE_LONG_RULE_3,MACD_RSI_CLOSE_LONG_RULE_4,MACD_RSI_CLOSE_LONG_RULE_5,MACD_RSI_CLOSE_LONG_RULE_6,MACD_RSI_CLOSE_LONG_RULE_7,MACD_RSI_CLOSE_LONG_RULE_8,MACD_RSI_CLOSE_LONG_RULE_9,MACD_RSI_CLOSE_SHORT_RULE_1,MACD_RSI_CLOSE_SHORT_RULE_2,MACD_RSI_CLOSE_SHORT_RULE_3,MACD_RSI_CLOSE_SHORT_RULE_4,MACD_RSI_CLOSE_SHORT_RULE_5,MACD_RSI_CLOSE_SHORT_RULE_6,MACD_RSI_CLOSE_SHORT_RULE_7,MACD_RSI_CLOSE_SHORT_RULE_8,MACD_RSI_CLOSE_SHORT_RULE_9,M_S_NOW_A,M_S_MIN_B_B,RSI_30_SLOPE_SKIP_5_C,M_S_MAX_MIN_D_D,M_S_NOW_MAX_E,M_S_NOW_F_F,RSI_30_SLOPE_SKIP_10_G,ABS_M_S_MAX_MIN_LAST_5_H_H,SEC_5_MIN_SLOPE_I,RSI_14_SLOPE_SKIP_3_V,M_S_3_SLOPE_X_X,MACD_MAX_GAIN_J_J,MACD_GAIN_NOW_MAX_K,TG_INDICATOR_KK,TG_INDICATOR_KX,TG_INDICATOR_KY,GAIN_MAX_TRADE_JJJ,RSI_30_SLOPE_SKIP_5_EXIT_L,M_S_NOW_EXIT_N_N,M_S_MAX_MIN_EXIT_N_N_BIS,M_S_NOW_MAX_MIN_EXIT_P,M_S_NOW_EXIT_Q_Q,RSI_30_SLOPE_SKIP_10_EXIT_R,M_S_MAX_MIN_EXIT_S_S,SEC_5_MIN_SLOPE_EXIT_T,GAIN_MIN_STOP_LOSS_EXIT_U_U,GAIN_MIN_STOP_LOSS_EXIT_W_W,GAIN_MIN_STOP_LOSS_EXIT_Z_Z,GAIN_MIN_TRADE_UUU,STOP_LOSS_LIMIT,TAKE_GAIN_LIMIT,IMPL_FLEXIBLE_STOP_LOSSES,FLEXIBLE_STOP_LOSS_L1,VOLUME_INDICATOR_RULE_4,VOLUME_INDICATOR_RULE_BROOMS,VOLUME_INDICATOR_T1,VOLUME_INDICATOR_T2,VOLUME_INDICATOR_T3,MACD_RSI_SMOOTHED_MODE,MACD_RSI_ABS_MAX_MS_PERIOD,MACD_SLOW,MACD_FAST,MACD_SIGNAL,CANDLE_BARS_NON_SMOTHED_MINUTES_RSI,CANDLE_BARS_SMOOTHED_MINUTES_RSI,PACING_ON_BACKTEST_MILISEC,DELTAUP_YYY,DELTADN_XXX,BROOMS_MS_STRENGTH_P,BROOMS_MS_STRENGTH_Q,RSI_30_5SL_LX,GAIN_MIN_TRADE_FIXEDLOSS,GAIN_MAX_TRADE_FIXEDGAIN,MACD_RSI_START_TRADING,PRELOAD_HISTORICAL_PRICES_SDD_OPEN_STD_DEV_1,PRELOAD_HISTORICAL_PRICES_SDD_OPEN_STD_DEV_2,PRELOAD_HISTORICAL_PRICES_SDD_OPEN_STD_DEV_3,PRELOAD_HISTORICAL_PRICES_SDD_OPEN_STD_DEV_4,PRELOAD_HISTORICAL_PRICES_SDD_OPEN_STD_DEV_5,PRELOAD_HISTORICAL_PRICES_SDD_OPEN_STD_DEV_6,PRELOAD_HISTORICAL_PRICES_SDD_OPEN_STD_DEV_7,PRELOAD_HISTORICAL_PRICES_SDD_OPEN_STD_DEV_8,PRELOAD_HISTORICAL_PRICES_SDD_OPEN_STD_DEV_9,PRELOAD_HISTORICAL_PRICES_SDD_OPEN_STD_DEV_10,PRELOAD_HISTORICAL_PRICES_SDD_OPEN_STD_DEV_11,PRELOAD_HISTORICAL_PRICES_SDD_OPEN_STD_DEV_12,PRELOAD_HISTORICAL_PRICES_SDD_OPEN_STD_DEV_13,PRELOAD_HISTORICAL_PRICES_SDD_OPEN_STD_DEV_14,PRELOAD_HISTORICAL_PRICES_SDD_OPEN_STD_DEV_15,PRELOAD_HISTORICAL_PRICES_SDD_OPEN_STD_DEV_16,PRELOAD_HISTORICAL_PRICES_SDD_OPEN_STD_DEV_17,PRELOAD_HISTORICAL_PRICES_SDD_OPEN_STD_DEV_18,PRELOAD_HISTORICAL_PRICES_SDD_OPEN_STD_DEV_19,PRELOAD_HISTORICAL_PRICES_SDD_OPEN_STD_DEV_20,PRELOAD_HISTORICAL_PRICES_SDD_OPEN_STD_DEV_21
1/2/2008,146.53,146.65,146.68,146.76,146.71,146.78,146.73,146.59,146.57,146.7,146.79,146.79,146.82,146.93,146.95,146.95,146.9,146.89,146.9,146.85,146.85,146.79,146.78,146.79,146.84,146.86,146.81,146.73,146.617,146.7,146.72,146.19,145.9,145.93,146.01,146.02,145.82,145.79,145.92,145.98,146.01,146.01,146,145.982,145.85,145.73,145.78,145.66,145.68,145.61,145.64,145.63,145.69,145.65,145.75,145.7001,145.78,145.75,145.79,145.76,145.79,145.66,145.7225,145.63,145.56,145.69,145.7174,145.71,145.77,145.75,145.67,145.6701,145.68,145.71,145.71,145.63,145.67,145.68,145.69,145.7399,145.63,145.62,145.6,145.63,145.68,145.6,145.59,145.51,145.56,145.51,145.49,145.59,145.58,145.58,145.48,145.48,145.51,145.45,145.6,145.565,145.54,145.52,145.48,145.36,145.31,145.29,145.32,145.27,145.12,145.15,145.14,145.04,144.97,145.03,145.05,145.08,145.12,145.15,145.07,145.11,145.13,145.1,145.08,145.04,144.96,144.95,144.95,144.87,144.91,144.92,144.91,144.82,144.83,144.86,144.84,144.8,144.75,144.67,144.73,144.77,144.72,144.8,144.93,144.91,144.92,144.89,144.92,144.92,144.99,144.9999,145.06,144.97,145,144.96,144.98,144.9,144.9,144.88,144.82,144.67,144.61,144.62,144.62,144.63,144.68,144.6,144.57,144.52,144.52,144.52,144.57,144.54,144.53,144.4201,144.35,144.4,144.44,144.44,144.46,144.41,144.41,144.44,144.39,144.37,144.39,144.48,144.48,144.56,144.58,144.62,144.66,144.61,144.6,144.63,144.64,144.58,144.54,144.55,144.54,144.53,144.51,144.44,144.4,144.46,144.46,144.53,144.54,144.49,144.58,144.63,144.6,144.61,144.64,144.7,144.63,144.49,144.58,144.51,144.43,144.44,144.28,144.28,144.23,144.2,144.18,144.24,144.33,144.34,144.27,144.32,144.36,144.39,144.37,144.41,144.46,144.43,144.4,144.34,144.33,144.29,144.4,144.32,144.4,144.4699,144.55,144.53,144.52,144.57,144.59,144.6,144.56,144.52,144.6,144.59,144.6,144.61,144.68,144.69,144.77,144.77,144.77,144.81,144.77,144.76,144.74,144.699,144.66,144.71,144.76,144.71,144.67,144.91,144.95,145.04,144.93,144.75,144.67,144.85,145.02,145.15,145.28,145.33,145.26,145.34,145.31,145.46,145.49,145.36,145.45,145.57,145.47,145.35,145.37,145.37,145.1501,145.19,145.28,145.21,145.25,145.16,145.11,145.16,145.18,145.2,145.26,145.17,145.02,145.01,144.85,144.78,144.7099,144.73,144.74,144.78,144.63,144.6699,144.74,144.66,144.71,144.77,144.76,144.83,144.83,144.83,144.72,144.8,144.75,144.7,144.61,144.61,144.45,144.37,144.42,144.37,144.34,144.28,144.31,144.03,144.04,144,144.05,144.07,144.27,144.19,144.22,146.6243,144.19,144.15,144.13,144.18,144.11,144.1,144.2,144.18,144.22,144.3,144.3,144.22,144.3,144.29,144.22,144.26,144.31,144.35,144.34,144.45,144.45,144.45,144.54,144.49,144.46,144.44,144.48,144.53,144.6,144.53,144.49,144.35,144.44,144.39,144.31,144.27,144.39,144.42,144.47,144.47,144.57,144.55,144.51,144.54,144.55,0,0,SPY,2,0,0,0,0,1,0,0,0,0,1,1,0,0,0,0,0,0,0,1,1,0,0,0,0,0,0,0,1,0,1,0,1,0.5,1,10,1,0.005,-10,-0.0001,10,0.75,0.75,0,0.25,4,0,1,10,0.75,1,10,3,0.005,-10,-10,-10,0.00001,-0.0025,0.1,0,-0.05,0,0,0,0,0,1,5,50,10,50,14,30,50,0,0,2,2,-100,-1,0,9:08 a. m.,1.238215402,1.238215402,1.47718579,1.770647511,1.978560777,2.41152475,2.560548572,2.571974949,2.474505721,2.739389604,2.862956539,3.252157407,4.390692769,5.083312824,4.712230852,4.748592469,4.436013562,4.163971583,3.945158431,3.493504576,3.13959588
1/3/2008,144.92,145.05,145.02,144.89,144.97,145.07,145.02,145.04,144.97,145,145.03,144.96,144.86,144.78,144.78,144.74,144.78,144.67,144.61,144.6,144.58,144.58,144.68,144.68,144.6874,144.65,144.6,144.8,144.82,144.78,144.8,145.1,145.18,144.99,145.13,145.07,145.08,145.26,145.26,145.37,145.37,145.31,145.23,145.23,145.2,145.09,145.1,145.04,144.97,145.01,144.99,145.02,145.05,144.85,144.86,144.92,144.86,144.95,144.97,144.91,144.97,144.91,144.91,144.9274,145.01,145.15,145.2,145.09,144.95,144.81,144.92,144.92,144.8,144.75,144.7,144.73,144.76,144.85,144.83,144.9,144.8,144.83,144.68,144.67,144.73,144.66,144.72,144.75,144.78,144.78,144.79,144.87,144.9,144.9,144.88,144.98,144.92,144.87,144.92,144.9,145.08,145.12,145.15,145.02,145,144.99,144.93,144.9,144.99,145.01,145.12,145.17,145.12,145.1,145.07,145.12,145.08,145.14,145.15,145.05,145,144.98,144.99,144.98,145.07,145.1,145,145,144.93,144.98,144.99,145.01,145.01,145.08,145.18,145.06,145.1,145.18,145.16,145.13,145.22,145.25,145.16,145.25,145.31,145.25,145.27,145.26,145.24,145.14,145.14,145.13,145.18,145.26,145.214,145.19,145.19,145.17,145.26,145.27,145.29,145.3,145.3,145.33,145.34,145.35,145.3,145.34,145.35,145.3315,145.38,145.37,145.29,145.27,145.3,145.29,145.32,145.4,145.37,145.38,145.45,145.47,145.47,145.415,145.43,145.44,145.4101,145.42,145.4,145.36,145.27,145.24,145.24,145.13,145.09,145.07,145.1,145.13,145.14,145.1,145.16,145.13,145.11,145.09,145.1,145.13,145.2,145.04,145.1,145.1199,145.19,145.14,145.13,145.03,145.06,145.04,144.99,144.96,145.01,145.03,144.97,144.99,144.98,145.05,145.07,145.06,144.98,144.99,144.9399,144.9001,144.93,144.92,144.93,144.94,144.94,144.96,144.96,144.98,144.97,144.98,145,145.03,145.05,145,145.0199,145.02,145.02,145.02,145.01,144.96,145.04,145.04,145.07,145.07,145.05,145.03,145.07,145.03,145,145,145.01,144.96,145.04,144.98,144.982,145,144.98,144.96,144.91,144.82,144.8,144.78,144.81,144.82,144.82,144.77,144.81,144.8101,144.8,144.81,144.8,144.65,144.86,144.84,144.89,144.85,144.82,144.9,144.94,144.93,144.93,144.95,144.92,144.9,144.95,144.93,144.94,144.992,144.99,144.94,144.91,144.88,144.84,144.88,144.82,144.87,144.85,144.86,144.89,144.92,144.93,144.93,144.94,144.93,144.93,144.84,144.8,144.78,144.8,144.83,144.8,144.83,144.8,144.84,144.9,144.8,144.74,144.78,144.72,144.71,144.78,144.79,144.75,144.72,144.68,144.6899,144.6826,144.67,144.68,144.69,144.75,144.7,144.72,144.74,144.72,144.69,144.6,144.55,144.6,144.41,144.45,144.38,144.38,144.42,144.47,144.4,144.39,144.33,144.3,144.16,144.23,144.24,144.25,144.22,144.21,144.22,144.27,144.32,144.35,144.41,144.4,144.51,144.49,144.4,144.47,144.47,144.51,144.6,144.56,144.57,144.47,144.44,144.52,144.44,144.49,144.45,144.44,144.48,144.42,144.44,144.46,,,,,,,,,,,,,,,,,,,,,,,,,,,,,,,,,,,,,,,,,,,,,,,,,,,,,,,,,,,,,,,,,,,,,,,,,,,,,,,,,,,,,,,,,,,,,,,,,,,,,,,,,,,
1/4/2008,143.34,143.34,143.35,143.42,143.3,143.17,143.01,142.81,142.91,142.79,142.69,142.85,142.96,142.95,143.0501,143.06,142.99,143.05,142.93,142.85,142.85,142.97,143,142.96,143,142.83,142.8,142.74,142.84,142.95,142.9584,143.12,143.02,142.96,142.72,142.716,142.91,142.82,142.91,142.9,142.99,142.93,142.9,142.87,142.7,142.78,142.8,142.72,142.67,142.6199,142.5,142.58,142.63,142.65,142.62,142.59,142.52,142.478,142.34,142.38,142.36,142.38,142.27,142.29,142.38,142.45,142.51,142.4,142.37,142.33,142.32,142.36,142.38,142.47,142.44,142.39,142.39,142.19,142.1,142.18,142.2,142.02,142.06,142.16,142.1,141.99,142.0101,141.92,141.92,141.91,141.92,142.03,142.03,142.01,141.94,141.97,141.95,141.83,141.73,141.84,141.89,141.92,142,142.11,142.18,142.13,142.04,142.05,141.93,141.85,141.9,142.03,141.97,142.03,142.07,142.12,142.32,142.25,142.36,142.41,142.38,142.43,142.42,142.4,142.39,142.38,142.3,142.24,142.15,142.19,142.145,142.17,142.12,142.12,142.13,142.12,142.145,142.13,142.17,142.13,142.15,142.27,142.31,142.35,142.23,142.3,142.33,142.33,142.23,142.24,142.31,142.42,142.42,142.415,142.48,142.45,142.49,142.49,142.52,142.65,142.68,142.62,142.64,142.64,142.67,142.63,142.59,142.55,142.54,142.54,142.57,142.53,142.44,142.39,142.36,142.27,142.26,142.15,142.13,142.09,142.14,142.22,142.13,142.11,141.99,141.95,142.01,142.03,142.08,141.9999,141.93,141.97,142.02,142.12,142.13,142.13,142.09,142.19,142.1799,142.23,142.29,142.24,142.19,142.17,142.19,142.15,142.15,142.19,142.171,142.13,142.12,142.08,142.081,142.06,142.07,142.06,141.97,142.08,142.07,142.05,142.01,141.98,141.95,142.05,142.12,142.09,142.08,142.11,142.2,142.12,142.02,142.03,142.04,141.93,141.88,141.89,141.83,141.81,141.92,141.93,141.97,141.94,141.97,141.98,141.9911,141.95,141.88,141.75,141.64,141.59,141.65,141.59,141.57,141.63,141.7,141.66,141.67,141.61,141.7,141.71,141.82,141.95,141.93,141.96,142.02,142.11,142.15,142.11,142,142.04,142.01,141.83,141.8916,141.83,141.79,141.7899,141.8,141.68,141.65,141.79,141.742,141.78,141.65,141.65,141.64,141.65,141.53,141.62,141.65,141.71,141.77,141.55,141.4,141.41,141.34,141.4,141.43,141.5001,141.42,141.34,141.33,141.38,141.361,141.42,141.26,141.4,141.43,141.36,141.28,141.25,141.25,141.2,141.18,141.16,141.15,141.15,141.25,141.31,141.34,141.34,141.27,141.3,141.35,141.17,141.16,141.07,141.19,141.2599,141.36,141.47,141.48,141.54,141.49,141.4,141.6,141.53,141.49,141.58,141.71,141.64,141.58,141.62,141.58,141.51,141.46,141.34,141.28,141.31,141.395,141.54,141.4599,141.35,141.4,141.33,141.16,141.24,141.25,141.31,141.36,141.51,141.58,141.65,141.63,141.59,141.53,141.51,141.53,141.56,141.45,141.46,141.54,141.34,141.42,141.41,141.435,141.32,141.3,141.2,141.09,141.15,141.1099,140.99,141.05,141.19,141.1,141.04,141.01,140.98,141.01,140.99,140.93,,,,,,,,,,,,,,,,,,,,,,,,,,,,,,,,,,,,,,,,,,,,,,,,,,,,,,,,,,,,,,,,,,,,,,,,,,,,,,,,,,,,,,,,,,,,,,,,,,,,,,,,,,,
1/7/2008,141.81,141.72,141.81,141.84,141.83,141.81,141.5601,141.48,141.44,141.39,141.47,141.6,141.54,141.61,141.74,141.72,141.97,141.97,141.88,141.95,141.92,141.97,141.89,141.88,141.88,141.79,141.8,141.88,141.88,141.8201,141.69,141.571,141.5,141.58,141.52,141.48,141.51,141.45,141.57,141.57,141.45,141.47,141.33,141.26,141.31,141.24,141.1801,141.09,141.08,141.03,140.86,140.78,140.73,140.75,140.9,140.9,140.84,140.84,140.72,140.83,140.41,140.53,140.33,140.23,140.14,140.26,140.22,140.37,140.41,140.51,140.55,140.62,140.7,140.69,140.79,140.76,140.63,140.67,140.73,140.68,140.65,140.76,140.92,140.8,140.71,140.78,140.72,140.6799,140.5901,140.69,140.66,140.828,140.97,141,140.95,140.9,140.98,140.89,140.94,140.97,141.06,141.1,141.18,141.12,141.07,141.15,141.21,141.3,141.25,141.19,141.13,141.21,141.1,141.05,141.06,141.11,141.01,140.95,141.05,141.12,141.24,141.23,141.3326,141.53,141.6,141.69,141.64,141.68,141.64,141.55,141.53,141.62,141.54,141.66,141.73,141.77,141.83,141.8,141.67,141.69,141.61,141.68,141.67,141.57,141.6,141.58,141.54,141.6,141.55,141.64,141.6,141.49,141.46,141.53,141.65,141.64,141.55,141.43,141.4,141.32,141.2501,141.27,141.27,141.32,141.4,141.36,141.21,141.15,141.25,141.34,141.35,141.33,141.28,141.3026,141.52,141.57,141.65,141.67,141.73,141.67,141.59,141.74,141.7,141.66,141.71,141.86,141.89,141.78,141.82,141.94,141.8974,141.72,141.73,141.69,141.75,141.7,141.68,141.68,141.75,141.73,141.87,142.09,142.17,142.2,142.17,142.19,142.07,142.07,142,142.085,142.05,142.04,142.02,141.98,141.92,141.96,141.84,141.84,141.87,141.9599,141.95,141.92,141.91,141.89,141.75,141.8001,141.83,141.81,141.92,141.9899,142.04,141.91,141.98,141.98,142.02,141.9,141.91,141.84,141.78,141.78,141.85,141.69,141.69,141.74,141.78,141.81,141.76,141.78,141.72,141.71,141.76,141.67,141.58,141.45,141.42,141.31,141.26,141.21,141.235,141.37,141.36,141.29,141.33,141.29,141.25,141.18,141.29,141.2,141.28,141.45,141.35,141.45,141.31,141.17,141.01,140.94,140.96,140.98,140.91,140.85,140.84,140.77,140.78,140.89,140.84,140.82,140.89,140.94,140.94,141.07,141.01,140.92,140.99,140.96,140.96,141,140.98,140.87,140.7,140.82,140.83,140.96,140.9,140.92,141.04,141.08,141.07,140.98,140.97,141.2,141.22,141.34,141.34,141.28,141.18,141.17,141.02,141.17,141.03,140.94,140.87,140.96,140.76,140.68,140.66,140.6,140.47,140.48,140.43,140.62,140.89,140.88,140.84,140.97,140.95,140.93,140.97,140.82,140.73,140.83,140.78,140.94,140.91,140.86,140.61,140.59,140.57,140.58,140.68,140.69,140.75,140.82,140.81,140.84,140.7799,140.73,140.74,140.74,140.63,140.7,140.65,140.66,140.59,140.65,140.66,140.64,140.57,140.54,140.5601,140.34,140.28,140.39,140.43,140.35,140.5396,140.7,140.81,140.89,140.89,141.08,141.29,141.25,141.28,141.5,141.71,141.57,141.51,141.46,141.35,141.44,141.48,,,,,,,,,,,,,,,,,,,,,,,,,,,,,,,,,,,,,,,,,,,,,,,,,,,,,,,,,,,,,,,,,,,,,,,,,,,,,,,,,,,,,,,,,,,,,,,,,,,,,,,,,,,
1/8/2008,142.1,142.16,142.19,142.13,142,141.98,142.07,142.01,141.97,141.9,142,142.15,142.21,142.27,142.42,142.38,142.41,142.45,142.56,142.62,142.47,142.36,142.39,142.48,142.43,142.42,142.37,142.26,142.37,142.31,142.36,142.25,142.37,142.47,142.56,142.66,142.66,142.69,142.74,142.79,142.85,142.85,142.85,142.78,142.78,142.82,142.8,142.76,142.72,142.66,142.65,142.73,142.69,142.78,142.76,142.8,142.82,142.6,142.59,142.51,142.49,142.52,142.48,142.39,142.37,142.43,142.38,142.39,142.3,142.39,142.41,142.43,142.28,142.33,142.48,142.45,142.41,142.42,142.31,142.24,142.24,142.28,142.29,142.26,142.29,142.37,142.33,142.33,142.27,142.28,142.27,142.35,142.31,142.34,142.22,142.18,142.1222,142.15,142.12,142.2,142.16,142.07,141.99,141.96,141.92,141.77,141.75,141.68,141.6,141.7,141.75,141.68,141.6,141.7,141.61,141.706,141.77,141.73,141.75,141.69,141.65,141.44,141.37,141.35,141.39,141.33,141.42,141.43,141.4,141.47,141.49,141.5,141.43,141.39,141.37,141.31,141.11,140.99,141.01,141,140.95,141.06,141.09,141.01,141.1,141.13,141.04,141.08,141.19,141.21,141.18,141.09,141.08,141.07,140.95,141.07,141.04,141.12,141.13,141.11,141.25,141.17,141.2101,141.38,141.33,141.36,141.43,141.44,141.35,141.37,141.32,141.32,141.27,141.36,141.39,141.34,141.36,141.36,141.43,141.49,141.44,141.42,141.27,141.28,141.19,141.19,141.23,141.25,141.29,141.2,141.19,141.21,141.1,141.07,141.07,141.05,141.05,141.16,141.25,141.22,141.25,141.34,141.34,141.38,141.38,141.31,141.26,141.23,141.2,141.27,141.245,141.12,141.01,141.046,141.06,140.97,141.32,141.38,141.71,141.62,141.6,141.69,141.64,141.89,141.78,141.8,141.75,141.69,141.7,141.65,141.62,141.57,141.57,141.69,141.696,141.67,141.66,141.71,141.78,141.85,141.82,141.66,141.62,141.57,141.54,141.58,141.64,141.5,141.49,141.46,141.41,141.44,141.49,141.44,141.58,141.62,141.57,141.61,141.58,141.65,141.67,141.68,141.64,141.77,141.79,141.8,141.83,141.93,141.79,141.88,142.03,141.96,141.93,142.06,142.04,141.97,141.92,141.91,141.97,142.03,142.06,142.07,142.14,142.17,142.15,142.15,142.0501,142.07,142.06,142.04,142.07,142.15,142.1,142.2,142.25,142.27,142.27,142.25,142.28,142.27,142.34,142.26,142.28,142.18,142.13,142.08,142.08,142.04,141.99,141.96,141.92,141.95,141.91,141.9,141.8,141.77,141.73,141.34,141.21,141.27,141.32,141.35,141.19,141.09,141.23,141,141.1001,141.12,140.87,140.79,140.7,140.72,140.8,140.7101,140.54,140.54,140.635,140.74,140.805,140.64,140.5,140.36,140.19,140.19,140.21,140.18,140.05,140.1,139.98,139.97,139.96,139.97,139.91,139.71,139.61,139.4,139.73,139.7,139.64,139.74,139.86,139.88,140.07,140.3,140.22,140.43,140.25,140.07,140,140.03,140.02,140.03,139.96,139.85,139.95,139.83,139.8299,139.69,139.56,139.53,139.4,139.12,139.32,139.24,139.16,139.14,138.98,139.02,138.76,138.78,138.8,,,,,,,,,,,,,,,,,,,,,,,,,,,,,,,,,,,,,,,,,,,,,,,,,,,,,,,,,,,,,,,,,,,,,,,,,,,,,,,,,,,,,,,,,,,,,,,,,,,,,,,,,,,
1/9/2008,139.01,139.01,139.04,139,138.89,138.73,138.76,138.77,138.86,139.04,139.35,139.26,139.5,139.42,139.51,139.43,139.25,139.4016,139.4,139.5,139.57,139.374,139.23,139.14,139.05,139.18,139.2,139.17,139.38,139.33,139.35,139.53,139.8,139.84,139.77,139.8,139.58,139.65,139.66,139.65,139.69,139.59,139.64,139.67,139.77,139.75,139.67,139.6,139.5,139.52,139.55,139.29,139.22,139.24,139.07,139.08,139.03,139.15,139.23,139.2,139.33,139.25,139.24,139.38,139.31,139.26,139.1826,139.13,139.09,139.14,139.24,139.37,139.5,139.425,139.36,139.4,139.56,139.64,139.59,139.61,139.46,139.41,139.29,139.36,139.51,139.56,139.47,139.42,139.44,139.62,139.52,139.53,139.62,139.55,139.37,139.29,139.31,139.36,139.48,139.4,139.25,139.21,139.32,139.37,139.3,139.44,139.37,139.25,139.28,139.35,139.3301,139.34,139.38,139.31,139.43,139.38,139.25,139.29,139.17,139.14,139.18,139.13,139.09,139.0501,138.88,138.82,138.73,138.82,138.86,138.85,138.84,138.74,138.84,138.85,138.86,138.76,138.69,138.65,138.49,138.69,138.65,138.4201,138.39,138.5,138.47,138.51,138.42,138.57,138.58,138.57,138.66,138.55,138.55,138.615,138.69,138.87,138.92,138.86,138.88,138.96,138.86,138.84,138.84,138.88,138.88,138.84,138.75,138.76,138.91,139.08,139.13,139.045,138.86,138.89,138.99,138.97,139.12,139.12,139.3,139.305,139.29,139.22,139.21,139.21,139.22,139.24,139.19,139.09,139.09,139.0699,139.0385,139.07,139.06,138.94,138.9,138.79,138.78,138.8299,138.9,138.92,138.94,139.002,139.13,139.1,139.05,139.08,138.97,138.89,138.82,138.81,139.11,139.04,139.01,139,139.18,139.22,139.13,139.06,139.03,139.05,139,139.01,139.07,138.73,138.73,138.8,138.77,138.61,138.58,138.75,138.73,138.93,138.85,138.84,138.79,138.73,138.71,138.65,138.59,138.65,138.63,138.65,138.63,138.54,138.47,138.37,138.47,138.53,138.36,138.48,138.54,138.48,138.26,138.16,138.28,138.33,138.21,138.1301,138.16,138.19,138.18,138.09,138.03,138.13,138.13,138.11,138.23,138.27,138.29,138.24,138.21,138.06,138.08,138.19,138.15,138.26,138.04,138.07,138.01,137.95,137.88,137.9801,138.06,138.15,138.07,137.87,137.81,137.79,137.81,137.84,137.94,138.03,138.02,138,138.07,138.1,138.06,137.91,138.09,138.07,138.34,138.26,138.51,138.59,138.35,138.396,138.52,138.56,138.42,138.74,138.58,138.51,138.51,138.47,138.27,138.3,138.44,138.58,138.7,139.01,139.02,139.12,139.3,139.26,139.12,139.04,139,138.98,138.96,139.23,139.16,139.34,139.39,139.33,139.47,139.545,139.68,139.91,139.72,139.96,139.96,139.87,139.77,139.68,139.54,139.74,139.8598,139.98,140.08,140.28,140.27,140.1,140.12,140.15,140.3,140.19,140.09,140.06,140.04,139.97,139.7201,139.52,139.49,139.33,139.52,139.61,139.54,139.59,140.04,140.16,140.21,140.39,140.25,140.33,140.44,140.28,140.44,140.38,140.33,140.2,140.16,140.27,140.28,140.5299,140.54,140.59,140.67,140.71,140.72,140.76,140.78,,,,,,,,,,,,,,,,,,,,,,,,,,,,,,,,,,,,,,,,,,,,,,,,,,,,,,,,,,,,,,,,,,,,,,,,,,,,,,,,,,,,,,,,,,,,,,,,,,,,,,,,,,,
1/10/2008,139.7,139.45,139.43,139.5,139.42,139.61,139.52,139.65,139.72,139.74,139.64,139.61,139.46,139.45,139.54,139.63,139.75,139.82,139.85,139.9,139.87,139.89,139.81,139.87,139.8,139.74,139.91,139.98,139.95,140.02,139.98,140,139.97,140.15,140.22,140.22,140.269,140.44,140.49,140.48,140.4,140.36,140.26,140.35,140.26,140.33,140.47,140.42,140.31,140.48,140.55,140.47,140.38,140.45,140.39,140.52,140.49,140.33,140.24,140.22,140.2,140.35,140.34,140.35,140.52,140.72,140.63,140.73,140.69,140.65,140.7,140.62,140.46,140.54,140.57,140.62,140.54,140.46,140.38,140.3,140.22,140.2,140.09,140.15,140.07,140.15,140.08,140.1,140.13,140.16,140.16,140,139.88,139.87,139.94,139.97,139.95,139.895,140.04,139.95,140.05,140.1,140.087,139.96,140.09,140.01,140.11,140.11,139.96,140.02,139.96,139.88,140.04,139.95,139.95,140.1,140.15,140.16,140.26,140.23,140.13,139.99,139.94,140,139.96,139.99,139.97,140,139.8901,139.87,139.85,139.71,139.79,139.82,139.83,139.83,139.79,139.77,139.78,139.84,140.0099,140.09,140.09,140.12,140.17,140.0899,140.13,140.04,140.1,140.14,140.16,140.08,140.12,140.12,140.09,140.1,140.06,140.06,140.07,139.99,140.19,140.15,140.17,140.18,140.24,140.29,140.31,140.87,141.3,141.14,141,141.14,141.47,141.62,141.96,141.99,141.78,141.58,141.52,141.42,141.27,141.19,141.33,141.32,141.11,140.9,141.08,141.12,141,141.03,140.78,140.74,140.61,140.83,140.89,140.83,140.59,140.58,140.61,140.59,140.76,140.92,141.05,140.91,141.01,141.07,141.21,141.33,141.51,141.43,141.39,141.08,141.3,141.32,141.48,141.22,141.33,141.25,141.3,141.13,141.24,140.98,140.93,140.84,140.93,141.01,141.05,140.74,140.85,141.04,140.99,141.18,141.03,141.17,141.24,141.1,141.11,141.2,141.39,141.3,141.15,141.26,140.93,141.01,141.05,140.84,140.58,140.26,140.48,140.51,140.53,140.45,140.44,140.49,140.804,140.66,140.55,140.47,140.69,140.64,140.59,140.4,140.08,140.08,140.06,140.15,140.15,140.15,140.06,140.34,140.54,140.46,140.63,140.53,140.4799,140.46,140.48,140.31,140.25,140.18,140.36,140.46,140.44,140.53,140.47,140.4,140.43,141.05,141.09,141.3,141.45,141.48,141.23,141.3,141.32,141.3,141.22,141.28,141.2,141.05,141.15,141.447,141.52,141.25,141.33,141.24,141.44,141.65,141.7,141.8,141.97,141.88,141.83,141.84,141.87,141.94,141.86,141.93,141.75,141.88,141.82,141.79,141.89,142.04,141.97,142.05,142.17,142.23,142.25,142.25,142.13,142.1001,142.07,142.13,142.13,142.08,142.21,142.22,142.35,142.5,142.64,142.68,142.55,142.59,142.68,142.62,142.52,142.4,142.25,142.27,142.22,142.32,142.37,142.22,142.17,142.27,142.35,142.33,142.28,142.5,142.56,142.65,142.7,142.69,142.7,142.74,142.62,142.515,142.53,142.42,142.49,142.56,142.35,142.27,142.26,142.08,142.09,141.95,142.06,142,141.96,142,141.82,141.77,141.88,141.87,141.73,141.8,141.93,141.92,141.78,,,,,,,,,,,,,,,,,,,,,,,,,,,,,,,,,,,,,,,,,,,,,,,,,,,,,,,,,,,,,,,,,,,,,,,,,,,,,,,,,,,,,,,,,,,,,,,,,,,,,,,,,,,
1/11/2008,140.75,140.67,140.67,140.64,140.73,140.7,140.55,140.45,140.4,140.5,140.57,140.46,140.63,140.78,140.73,140.81,140.81,140.76,140.78,140.78,141.01,140.965,140.889,140.87,140.75,140.91,140.67,140.5,140.73,140.64,140.68,140.58,140.5,140.64,140.58,140.54,140.33,140.27,140.36,140.33,140.22,140.27,140.33,140.5515,140.52,140.44,140.56,140.5,140.39,140.31,140.3,140.46,140.63,140.545,140.57,140.65,140.55,140.5,140.63,140.55,140.5,140.34,140.33,140.35,140.32,140.38,140.41,140.45,140.62,140.59,140.68,140.63,140.76,140.71,140.7,140.71,140.73,140.76,140.76,140.88,141.01,140.93,141.1,141.2,141.27,141.32,141.24,141.17,141.17,141.04,141.01,141.02,140.97,140.87,140.83,140.87,140.79,140.83,140.71,140.79,140.89,140.96,141.03,140.9902,140.97,141.06,141.04,140.95,140.97,140.92,140.82,140.89,141.02,140.91,140.97,140.83,140.91,140.912,140.92,140.89,141.04,141.17,141.28,141.44,141.47,141.41,141.47,141.54,141.43,141.35,141.26,141.22,141.17,141.18,141.18,141.11,141.1,141.13,141.08,141.15,141.22,141.3,141.3,141.25,141.17,141.19,141.17,141.1101,141.14,141.17,141.18,141.12,140.94,141.02,141.0301,141.05,140.96,140.93,141.02,141.09,140.97,140.99,141.07,141.02,141.05,141.01,141.05,141.23,141.26,141.1,140.85,140.84,140.86,140.82,140.67,140.54,140.68,140.73,140.7,140.82,140.8,140.73,140.78,140.72,140.61,140.6,140.635,140.66,140.72,140.76,140.7,140.84,140.79,140.74,140.72,140.74,140.83,140.9,140.86,140.8,140.96,141.05,141.01,140.94,140.99,140.97,141.04,140.96,141.0001,141.07,141.26,141.01,140.96,140.93,140.85,140.85,140.9299,140.8,140.69,140.61,140.718,140.69,140.69,140.6305,140.61,140.6,140.44,140.43,140.37,140.3,140.35,140.24,140.13,140.25,140.34,140.35,140.51,140.5001,140.54,140.57,140.55,140.45,140.62,140.52,140.49,140.41,140.4,140.23,140.44,140.21,140.26,140.36,140.53,140.43,140.34,140.35,140.31,140.04,140.03,139.97,140.01,140.16,140.38,140.25,140.34,140.4,140.38,140.33,140.26,140.23,140.14,140.16,140.18,140.08,140.1,140.11,140.21,140.18,140.2,140.15,140.3,140.28,140.29,140.27,140.19,140.255,140.33,140.48,140.52,140.59,140.52,140.47,140.6,140.43,140.46,140.41,140.51,140.48,140.53,140.48,140.4601,140.32,140.41,140.36,140.28,140.34,140.27,140.32,140.34,140.44,140.43,140.4,140.41,140.42,140.38,140.53,140.55,140.46,140.42,140.36,140.12,140.24,140.23,140.11,140.14,140.12,140.01,139.91,139.91,140.03,140.19,139.99,139.96,139.84,139.99,139.96,140.13,140.12,140.02,139.77,139.81,139.57,139.56,139.45,139.56,139.55,139.64,139.7099,139.6,139.63,139.56,139.4,139.65,139.65,139.57,139.64,139.85,139.77,139.84,140.01,139.99,139.835,139.88,140.06,139.99,140.07,139.97,140.09,140.12,140.19,140.4,140.15,140.24,140.12,140.1,140.08,140.03,140.09,140.08,140.18,140.31,140.38,140.36,140.34,140.17,140.21,140.03,140.04,140.06,139.93,140.01,,,,,,,,,,,,,,,,,,,,,,,,,,,,,,,,,,,,,,,,,,,,,,,,,,,,,,,,,,,,,,,,,,,,,,,,,,,,,,,,,,,,,,,,,,,,,,,,,,,,,,,,,,,
1/14/2008,141.16,141.2,141.18,141.12,141.07,141.06,141.05,140.96,140.87,140.87,140.83,140.7,140.75,140.74,140.68,140.58,140.59,140.66,140.66,140.56,140.59,140.65,140.68,140.7299,140.69,140.55,140.63,140.69,140.76,140.69,140.6599,140.67,140.61,140.4408,140.53,140.74,140.6,140.67,140.68,140.73,140.82,140.76,140.83,140.81,140.89,140.92,140.84,140.83,140.9,140.9,140.89,140.84,140.85,140.85,140.84,140.8,140.81,140.7901,140.83,140.79,140.82,140.88,140.97,140.96,140.98,141.03,140.99,141,140.97,141,141.04,140.89,140.97,140.9301,140.89,140.86,140.89,140.92,140.9,140.84,140.87,140.84,140.89,140.84,140.87,140.81,140.8,140.79,140.99,140.99,141.09,141.21,141.18,141.27,141.29,141.18,141.2,141.17,141.19,141.19,141.22,141.18,141.14,141.13,141.14,141.2,141.17,141.17,141.1,141.09,141,140.935,140.92,140.94,140.93,140.89,140.94,140.98,140.95,140.99,141,140.99,140.98,140.95,140.93,140.95,140.92,140.92,140.91,140.91,140.85,140.84,140.94,140.96,140.89,140.86,140.92,140.94,140.94,140.86,140.92,140.93,140.94,140.95,140.99,140.98,140.98,140.97,140.94,140.93,140.82,140.88,140.75,140.76,140.83,140.78,140.79,140.76,140.73,140.7,140.72,140.65,140.65,140.66,140.7,140.62,140.57,140.65,140.66,140.64,140.66,140.6,140.55,140.59,140.63,140.67,140.68,140.67,140.69,140.72,140.55,140.58,140.63,140.64,140.68,140.71,140.69,140.65,140.58,140.64,140.63,140.64,140.54,140.5101,140.52,140.51,140.57,140.59,140.61,140.62,140.61,140.58,140.58,140.59,140.7,140.76,140.83,140.78,140.8,140.77,140.75,140.77,140.745,140.755,140.75,140.79,140.76,140.77,140.76,140.77,140.87,140.82,140.77,140.64,140.72,140.71,140.65,140.7499,140.73,140.76,140.76,140.85,140.85,140.87,140.84,140.82,140.85,140.87,140.8,140.74,140.73,140.72,140.67,140.8,140.8,140.852,140.81,140.93,140.95,140.97,140.97,140.94,141.02,140.97,141.01,141.07,141.05,141.02,141.03,141.13,141.04,141.1,141.07,141.12,141.07,141.1,141.13,141.17,141.15,141.2,141.17,141.17,141.14,141.12,141.07,141.12,141.1,141.1,141.1,141.0322,141.11,141.06,141.05,141.03,141.04,141.02,141,140.939,140.85,140.9,140.89,140.96,140.97,140.98,140.94,140.92,140.93,140.99,140.96,141.02,141.04,141.15,141.26,141.16,141.16,141.21,141.27,141.26,141.33,141.32,141.39,141.48,141.42,141.4,141.26,141.38,141.36,141.34,141.32,141.32,141.34,141.36,141.35,141.27,141.22,141.2399,141.28,141.35,141.35,141.37,141.48,141.51,141.53,141.47,141.51,141.45,141.49,141.5,141.55,141.45,141.43,141.49,141.34,141.33,141.25,141.26,141.25,141.36,141.32,141.27,141.23,141.17,141.13,141.14,141.12,141.15,141.22,141.24,141.201,141.2,141.28,141.31,141.22,141.18,141.28,141.35,141.39,141.29,141.31,141.36,141.35,141.26,141.32,141.46,141.58,141.57,141.63,141.56,141.53,141.55,141.56,141.62,141.58,141.47,141.4215,141.47,141.47,141.44,141.4301,141.42,141.46,,,,,,,,,,,,,,,,,,,,,,,,,,,,,,,,,,,,,,,,,,,,,,,,,,,,,,,,,,,,,,,,,,,,,,,,,,,,,,,,,,,,,,,,,,,,,,,,,,,,,,,,,,,
1/16/2008,137.37,137.35,137.48,137.63,137.81,137.87,137.96,137.97,137.85,137.85,137.96,138.16,138.19,138.32,138.39,138.27,138.33,138.3,138.26,138.28,138.27,138.14,138.06,138.06,137.88,137.92,137.86,137.67,137.63,137.5901,137.45,137.57,137.65,137.59,137.51,137.41,137.58,137.69,137.56,137.43,137.49,137.47,137.405,137.26,137.2,137.06,137.0701,137.08,137.17,137.33,137.26,137.23,137.21,137.23,137.32,137.39,137.39,137.27,137.31,137.2,137.2,137.27,137.23,137.33,137.3,137.41,137.27,137.18,137.11,136.97,136.98,136.89,136.87,136.73,136.69,136.8,136.688,136.68,136.66,136.62,136.6,136.48,136.33,136.44,136.57,136.47,136.5288,136.52,136.563,136.6599,136.65,136.72,136.68,136.73,136.76,136.69,136.83,136.92,137.04,137.1,137.21,137.19,137.16,137.13,137.13,137.04,137,136.98,137.06,137.05,137.13,137.14,137.24,137.35,137.34,137.25,137.3,137.24,137.3475,137.37,137.4,137.32,137.24,137.26,137.3,137.3,137.18,137.05,137.03,137.05,136.98,136.93,136.96,136.93,136.83,136.92,136.98,137.06,137.09,137,137.18,137.24,137.46,137.56,137.73,137.92,137.83,137.76,137.71,137.86,137.9,138.08,137.97,137.85,137.85,137.89,137.96,138.217,138.11,138.02,137.94,137.93,137.73,137.77,137.84,137.8,137.75,137.84,137.78,137.92,137.77,137.62,137.66,137.68,137.72,137.65,137.74,137.71,137.72,137.81,137.77,137.86,138.02,138.01,137.96,138.1,137.99,137.98,137.9,137.91,138.04,138.09,138.09,137.97,138.22,138.29,138.22,138.17,138.21,138.04,138.04,138.02,138.065,138.0499,137.87,137.77,137.7,137.77,137.8,137.77,137.79,137.87,137.81,137.8,137.84,137.86,137.8,137.83,137.83,137.86,137.71,137.68,137.73,137.67,137.66,137.635,137.51,137.51,137.41,137.42,137.44,137.4,137.53,137.53,137.51,137.57,137.46,137.46,137.49,137.48,137.37,137.36,137.44,137.45,137.32,137.45,137.55,137.65,137.77,137.68,137.73,137.69,137.64,137.69,137.7,137.7699,137.78,137.6,137.59,137.6,137.42,137.52,137.38,137.54,137.5,137.5,137.57,137.59,137.5,137.52,137.51,137.37,137.21,137.34,137.42,137.67,137.53,137.66,137.84,137.79,137.85,137.87,137.96,137.92,137.87,137.91,138.05,137.85,137.84,137.9,137.945,138.11,137.97,137.83,137.95,137.87,137.77,137.89,138.05,138.28,138.47,138.62,138.61,138.79,138.69,138.69,138.6,138.81,138.9,138.85,138.92,138.85,138.86,138.99,139.06,139.11,139.04,139,138.88,138.87,138.81,138.69,138.67,138.73,138.7,138.6,138.48,138.39,138.38,138.25,138.19,138.2,138.29,138.32,138.48,138.29,138.2,138.07,138.24,138.32,138.44,138.3,138.31,138.23,138.28,138.36,138.58,138.62,138.77,138.82,138.77,138.75,138.77,138.6,138.33,138.33,138.38,138.23,138.34,138.31,138.59,138.74,138.68,138.7,138.73,138.56,138.4,138.25,138.07,138.04,137.78,137.7,137.63,137.73,137.65,137.47,137.511,137.5,137.58,137.44,137.33,137.5,137.42,137.39,137.37,137.28,137.17,137.57,137.28,137.2,137.15,,,,,,,,,,,,,,,,,,,,,,,,,,,,,,,,,,,,,,,,,,,,,,,,,,,,,,,,,,,,,,,,,,,,,,,,,,,,,,,,,,,,,,,,,,,,,,,,,,,,,,,,,,,
1/17/2008,137.58,137.56,137.59,137.56,137.4,137.26,137.1,137.09,137.18,137.17,137.25,137.25,137.37,137.38,137.51,137.47,137.43,137.4,137.51,137.57,137.59,137.65,137.68,137.67,137.45,137.5101,137.55,137.61,137.59,137.58,137.57,137.04,137.08,136.85,136.53,136.6,136.9,136.95,137.14,136.96,137.01,136.9774,136.77,136.72,136.71,136.77,136.64,136.58,136.5,136.25,135.91,135.79,136.04,136.22,136.18,136.28,136.19,136.07,136.06,136.02,136.02,135.77,135.82,135.73,135.46,135.36,135.59,135.6299,135.64,135.63,135.6,135.6,135.74,135.9,135.82,135.93,135.91,136.02,136.05,136.06,136.14,135.94,135.75,135.88,135.79,135.92,135.81,136.01,136.3,136.22,135.97,136.022,136.06,136.1,136.22,136.1,136.2,136.35,136.31,136.3,136.16,136.07,136.02,136.06,136.12,136.15,135.99,135.78,135.92,135.98,135.9926,135.88,135.94,135.74,135.66,135.63,135.76,135.73,135.74,135.66,135.71,135.73,135.85,135.69,135.66,135.69,135.69,135.78,135.74,135.54,135.38,135.32,135.29,135.29,135.23,135.17,135.13,135.28,135.23,135.32,135.34,135.35,135.17,135.1,135.19,135.03,135.15,135.04,135.02,135.26,135.03,135.1,134.97,134.8,134.75,134.78,134.81,134.81,134.73,134.65,134.58,134.53,134.61,134.51,134.57,134.8,134.8599,134.88,134.87,134.85,134.95,134.99,134.93,134.82,134.9001,134.77,134.86,134.91,134.84,134.87,135.02,134.99,135.09,135.2,135.24,135.15,135.16,135.06,135.04,135.22,135.16,135.24,135.15,135.26,135.24,135.16,135.12,135.3,135.36,135.21,135.27,135.34,135.34,135.31,135.26,135.08,135.05,135,135.08,135.02,135.09,134.87,134.88,134.8,134.84,134.74,134.95,135,135.03,134.94,135.08,134.94,135,135.22,135.27,135.33,135.33,135.4,135.5,135.51,135.36,135.29,135.171,135.2885,135.25,135.12,135.24,135.25,135.36,135.36,135.33,135.41,135.49,135.53,135.45,135.43,135.37,135.4,135.48,135.55,135.6,135.56,135.65,135.62,135.73,135.51,135.63,135.34,135.15,135.21,135.2,135.11,135.13,135.14,135.13,135.16,135.02,135.08,135.24,135.16,135.16,134.96,135.14,135.14,135.03,134.99,135.04,135.23,135.221,134.99,134.94,134.86,134.79,134.81,134.86,134.8,134.72,134.62,134.55,134.57,134.76,134.7,134.65,134.58,134.62,134.75,134.71,134.59,134.62,134.56,134.33,134.29,134.35,134.33,134.22,134.23,134.22,134.185,134.15,134.17,134.16,134.05,134.03,134.17,134.12,134.13,134.25,134.35,134.295,134.52,134.59,134.63,134.61,134.67,134.63,134.69,134.55,134.61,134.75,134.53,134.57,134.5,134.31,134.32,134.3,134.33,134.46,134.59,135.02,134.65,134.81,134.7,134.71,134.83,134.78,134.7,134.55,134.58,134.62,134.5,134.58,134.52,134.38,134.08,134.01,134.12,133.96,133.91,133.85,133.84,133.64,133.25,133.47,133.43,133.3,133.54,133.57,133.67,133.65,137.2161,133.6,133.53,133.56,133.69,133.6275,133.4,133.28,133.03,133.1,133.01,133.08,133.13,133.2,133.15,133.15,133.19,133.14,133.2,133.18,133.17,133.23,,,,,,,,,,,,,,,,,,,,,,,,,,,,,,,,,,,,,,,,,,,,,,,,,,,,,,,,,,,,,,,,,,,,,,,,,,,,,,,,,,,,,,,,,,,,,,,,,,,,,,,,,,,
1/18/2008,134.2,134.07,134.08,134.06,134,134.12,134.27,134.32,134.33,134.48,134.41,134.58,134.45,134.36,134.34,134.32,134.3,134.29,134.36,134.17,134.23,134.2,134.17,134.09,133.89,133.79,133.71,133.77,133.8,133.75,133.74,134.17,134.02,133.67,133.94,133.94,134.03,134.1,134.07,134.2,134.29,134.3,134.6,134.8701,134.9,134.913,134.73,134.62,134.58,134.71,134.62,134.5,134.53,134.61,134.56,134.6,134.45,134.48,134.4,134.38,134.53,134.56,134.48,134.49,134.47,134.33,134.26,134.21,134.26,134.1799,133.93,134.01,134.02,133.83,133.81,133.83,133.81,133.9,133.92,133.9,133.84,134.03,134.04,133.77,133.66,133.71,133.56,133.57,133.75,133.9,133.67,133.68,133.54,133.54,133.66,133.67,133.55,133.28,133.26,133.13,133.14,133.12,133.27,133.3,133.1,132.87,132.72,132.69,132.66,132.81,132.92,132.79,132.83,132.54,132.24,132.48,132.43,132.8,132.68,132.64,132.71,132.87,132.75,132.68,132.63,132.5699,132.39,132.57,132.82,132.78,132.48,132.49,132.32,132.21,132.27,132.17,132.11,132.08,131.7,131.75,131.83,131.79,131.97,131.81,131.82,131.83,131.45,131.12,131.3101,131.42,131.42,131.53,131.64,131.92,131.899,131.96,131.87,131.8,131.68,131.74,131.86,132.05,131.951,131.84,131.79,131.9,131.8,131.93,131.83,131.79,131.78,131.77,131.71,131.66,131.76,131.89,132,132.16,132.15,132.43,132.5,132.66,132.59,132.77,132.79,132.64,132.5,132.38,132.45,132.385,132.47,132.29,132.31,132.32,132.22,132.25,132.395,132.49,132.48,132.63,132.67,132.55,132.5,132.3599,132.4,132.42,132.42,132.4,132.44,132.4,132.38,132.42,132.41,132.62,132.66,132.73,132.87,132.76,132.6,132.74,132.598,132.45,132.57,132.44,132.25,132.29,132.16,132.073,132.08,131.85,131.75,131.76,131.79,131.74,131.66,131.9,131.94,132.01,131.93,131.92,131.94,132.05,132.13,132.32,132.2674,132.22,132.17,132.08,131.94,131.94,131.77,131.72,131.9299,131.83,131.7,131.97,131.99,132.37,132.34,132.32,132.27,132.21,132.28,132.067,131.94,131.99,132.08,132.111,132.17,132.13,132.01,132.13,132.06,132.09,132.27,132.05,131.94,132.07,132.18,132.13,132.21,132.19,132.18,132.22,132.215,132.35,132.56,132.45,132.4,132.38,132.41,132.3,132.187,132.04,132.01,132.099,131.92,131.95,132.12,131.98,132.03,132.09,131.72,131.64,131.5,131.64,131.68,131.68,131.85,131.91,131.79,131.79,131.78,131.79,131.68,131.61,131.65,131.63,131.58,131.61,131.59,131.45,131.45,131.44,131.45,131.42,131.58,131.9,131.7,131.77,132,131.92,131.6499,131.72,131.76,131.97,131.89,132.27,132.36,132.32,132.48,132.49,132.371,132.29,132.34,132.38,132.428,132.39,132.37,132.33,132.13,132.16,132.06,131.9,131.79,131.88,131.94,131.95,131.75,131.74,131.75,131.82,131.93,131.82,131.94,131.91,131.9,131.88,131.94,132.04,131.93,131.79,131.84,131.88,131.97,132.38,132.33,132.43,132.52,132.57,132.69,132.58,132.48,132.5001,132.45,132.47,132.36,132.33,132.44,132.45,132.49,,,,,,,,,,,,,,,,,,,,,,,,,,,,,,,,,,,,,,,,,,,,,,,,,,,,,,,,,,,,,,,,,,,,,,,,,,,,,,,,,,,,,,,,,,,,,,,,,,,,,,,,,,,
1/22/2008,126.45,126.67,127.1,126.76,126.54,126.8,126.99,127.12,127.5,127.51,127.58,127.68,128.05,128.03,128.23,128.08,128.11,128.37,128.78,129.17,129.02,129.03,129.66,129.5,129.32,129.25,128.79,128.58,128.41,128.38,128.54,128.53,128.75,128.67,128.45,128.68,128.71,128.64,129.09,129.14,129.24,129.15,128.76,128.8,128.74,128.75,128.59,129.03,129,129.42,129.63,129.69,129.86,130.07,130.18,130.33,130.64,130.36,130.61,130.65,130.44,130.12,130.1,130.16,129.2099,130.26,130.37,130.24,130.18,130.3,130.42,130.77,130.96,131,131.04,130.71,130.5,130.73,130.46,130.35,130.13,129.97,130.15,130,130.31,130.26,130.4,130.29,130.45,130.71,130.403,130.61,130.79,130.8,130.82,131,131.35,131.37,131.65,131.72,131.874,131.87,132.03,131.98,131.77,131.85,131.52,131.57,131.56,131.37,131.34,131.24,131.05,131.07,130.83,130.96,130.82,130.91,130.97,130.78,130.77,130.76,130.34,130.34,130.19,129.94,129.9848,130.16,130.35,130.2,130.16,130.24,130.26,130.42,130.27,130.29,130.3,130.58,130.51,130.45,130.6,130.56,130.49,130.89,130.52,130.43,130.37,130.317,130.2,130.14,130.13,130.03,130.11,130.36,130.46,130.38,130.32,130.57,130.69,130.84,131.023,131.2299,130.94,131.01,130.7701,130.62,130.72,130.76,130.56,130.56,130.47,130.32,130.38,130.55,130.5,130.563,130.72,130.76,130.68,130.87,130.63,130.53,130.37,130.53,130.46,130.5,130.51,130.57,130.57,130.75,130.66,130.65,130.35,130.31,130.64,130.61,130.71,130.59,130.74,130.67,130.6077,130.7,130.6699,130.7124,130.75,130.84,130.98,131.05,131.02,131.09,131.15,131.45,131.25,131.3,131.4,131.56,131.48,131.38,131.5,131.7142,131.6,131.63,131.85,131.81,131.6,131.4,131.28,131.34,131.254,131.24,131.31,131.33,131.45,131.525,131.63,131.43,131.29,131.06,130.92,130.78,131,130.87,130.9,130.8,130.76,130.59,130.84,130.75,130.98,130.77,130.98,131.22,131.16,130.84,130.73,130.78,130.7,130.78,130.66,130.57,130.87,130.89,130.6,130.55,130.7,130.62,130.46,130.41,130.55,130.59,130.76,130.58,130.55,130.67,130.63,130.32,130.24,130.2,130.33,130.26,130.27,130.5,130.5,130.43,130.28,130.36,130.59,130.79,130.86,130.89,131.08,130.97,130.92,130.9,130.76,130.92,131.17,131.04,131.09,130.71,130.7,130.61,130.55,130.47,130.24,130.25,130.42,130.45,130.4,130.38,130.48,130.34,130.17,130.4,130.65,130.78,130.6,130.7199,130.89,130.99,130.95,130.8,130.64,130.78,130.82,130.7901,130.725,130.83,130.98,130.73,130.85,130.78,130.67,130.9,130.86,131.1,131.05,131.3,131.33,131.64,131.46,130.91,131.03,130.7,130.75,130.8,130.86,130.6515,130.74,130.99,130.82,130.9,131,130.99,130.96,131,131.03,130.96,130.9,130.94,131.07,131.26,131.39,131.3,131.38,131.44,131.66,131.89,132.02,132.1,131.8,131.7,131.76,131.49,131.533,131.47,131.4,131.42,131.48,131.56,131.51,131.32,131.21,131.02,130.94,130.83,130.86,130.84,130.88,131.04,131.02,,,,,,,,,,,,,,,,,,,,,,,,,,,,,,,,,,,,,,,,,,,,,,,,,,,,,,,,,,,,,,,,,,,,,,,,,,,,,,,,,,,,,,,,,,,,,,,,,,,,,,,,,,,
1/23/2008,127.12,127.2,127.64,127.87,127.73,127.82,127.7,127.56,128.05,127.92,127.84,127.71,127.84,128.17,128.1101,128.07,127.87,127.98,128.01,128.24,128.39,128.24,128.27,128.39,128.64,128.59,128.4,128.69,128.94,129.36,129.24,129.63,129.43,129.4,129.31,129.27,129.2,129.46,129.47,129.31,129.17,129.36,129.75,129.67,129.84,129.71,130.04,130.31,130.52,130.5,130.62,130.76,130.41,130.59,130.49,130.23,130.15,130.24,130.37,130.21,129.98,130.11,130.08,129.91,129.79,129.55,129.58,129.68,129.5,129.45,129.71,129.56,129.35,129.07,129.2001,129.27,129.49,129.58,129.54,129.32,129.82,129.35,129.66,129.53,129.4,129.205,129.32,129.43,129.45,129.69,129.6,129.54,129.66,129.68,129.61,129.78,129.81,129.66,129.53,129.37,129.36,129.4,129.56,129.45,129.38,129.28,129.4,129.33,129.515,129.61,129.55,129.47,129.7099,129.69,129.73,129.89,129.74,129.68,129.53,129.37,129.26,129.02,128.9,128.56,128.43,128.69,128.76,128.59,128.69,128.8,128.89,128.81,128.77,128.82,128.91,128.72,128.53,128.47,128.3,128.45,128.55,128.46,128.55,128.63,128.55,128.59,128.66,128.84,128.7799,128.62,128.5,128.46,128.48,128.44,128.45,128.34,128.48,128.45,128.45,128.41,128.32,128.13,128.13,128.3,128.42,128.26,128.34,128.2799,128.59,128.69,128.82,128.85,129.01,128.9,128.77,128.74,128.89,128.95,128.8,128.77,128.743,128.73,128.58,128.43,128.27,128.11,128.16,128.08,128.09,127.61,127.55,127.8,127.96,127.86,127.82,127.42,127.23,126.95,127.21,127.36,127.58,127.452,127.56,127.7,127.79,127.86,127.72,127.6,127.76,127.66,127.64,127.77,127.71,127.87,128.15,127.75,127.84,127.99,127.94,127.84,127.7,127.48,127.52,127.38,127.54,127.66,127.74,127.9,127.94,127.94,128.05,128.36,128.51,128.32,128.55,128.54,128.71,128.64,128.52,128.55,128.42,128.17,127.92,128.35,128.58,128.58,128.63,128.7,128.92,128.66,128.7,128.76,128.85,128.64,128.5,128.71,128.77,128.84,129.21,129.24,129.33,129.42,129.26,129.35,129.39,129.14,129.06,129.04,129.14,129.05,129.18,129.03,128.98,128.8825,128.91,128.99,129.13,129.3,129.63,129.63,129.73,129.64,129.49,129.51,129.78,129.91,129.7,129.61,129.64,129.56,129.52,129.6,129.93,130.18,130.1,130.12,130.26,130.52,130.48,130.59,130.54,130.46,130.27,130.09,130.18,130.25,130.18,130.03,130.11,130.15,130.55,130.36,130.22,130,129.98,129.85,129.96,129.7,129.45,129.5,129.61,129.5,129.63,129.63,129.31,129.4,129.6,129.71,130,129.77,130.11,130.3,130.4,131.06,131.08,131.01,130.81,130.9,131.05,131.26,131.48,131.53,131.54,131.4399,131.86,131.94,131.75,131.55,131.54,131.5399,131.58,131.53,131.81,132.11,132.19,132.65,132.47,132.6,132.64,132.55,132.7,132.88,132.72,132.85,132.88,133.11,133.33,133.23,133.33,133.43,133.46,133.06,133.09,132.65,132.64,133.09,133.1,133,133.58,133.33,133.73,133.58,133.6,133.6,133.75,133.46,133.46,133.55,133.66,133.64,133.81,,,,,,,,,,,,,,,,,,,,,,,,,,,,,,,,,,,,,,,,,,,,,,,,,,,,,,,,,,,,,,,,,,,,,,,,,,,,,,,,,,,,,,,,,,,,,,,,,,,,,,,,,,,
1/25/2008,136.5,136.42,136.49,136.64,136.67,136.6,136.59,136.57,136.6,136.59,136.36,136.35,136.3,136.23,136.12,136.18,136.23,136.23,136.3382,136.21,136.3,136.19,136.151,136.03,136.02,136.13,136.09,136.15,136.05,136.04,136.08,135.93,135.91,136.03,136.09,136.2,136.15,136.08,136.14,135.97,135.96,135.85,135.95,135.98,135.89,135.89,135.95,136.03,136.01,136.02,136.06,135.99,135.99,135.83,135.73,135.65,135.65,135.7801,135.93,135.76,135.66,135.54,135.38,135.36,135.16,135.01,135.27,135.35,135.3,135.19,135.38,135.22,135.2,135.0201,135.39,135.46,135.44,135.3901,135.42,135.46,135.4,135.42,135.29,135.16,135.17,135.25,135.17,134.99,135.04,135.01,134.85,134.74,134.8301,134.86,134.78,134.66,134.79,134.83,134.93,134.93,134.88,134.81,134.8,134.81,134.75,134.89,135.03,134.96,134.93,134.92,135.08,135.11,134.98,135.04,135,134.9,134.82,134.6,134.45,134.56,134.59,134.86,134.98,134.95,134.98,135.02,135.15,135.21,135.22,135.36,135.2,135.3,135.23,135.21,135.18,135.16,135.2,135.31,135.3,135.26,135.09,135.07,135.01,134.93,135.02,135.03,134.96,135.06,135.01,135.15,135.25,135.21,135.27,135.27,135.2,135.11,135.0881,135.11,135.13,135.1,134.97,134.9699,134.97,135,134.95,134.97,134.89,134.91,134.97,134.86,134.93,134.93,134.86,134.88,134.95,135,135.01,135.02,135.01,134.9,134.8985,134.85,134.8,134.79,134.77,134.725,134.7099,134.67,134.84,134.8,134.66,134.74,134.74,134.73,134.82,134.91,134.76,134.69,134.51,134.3,134.37,134.45,134.29,134.31,134.43,134.4,134.14,133.89,133.89,134.07,133.98,134.0316,133.78,133.75,133.8,133.88,133.96,133.92,133.97,133.92,133.89,133.96,134.05,134.22,134.27,134.2,134.13,134.05,134.1101,134.23,134.19,134.2,134.18,134.27,134.178,133.97,133.92,133.86,133.76,133.6,133.67,133.82,133.68,133.65,133.65,133.59,133.25,133.16,133.34,133.47,133.56,133.47,133.42,133.4,133.42,133.41,133.52,133.29,133.18,133.04,133.07,132.96,132.86,132.75,132.76,132.85,132.91,133.09,133.12,133.14,133.01,133.04,133.11,133.09,133.09,133.08,132.97,132.88,133.06,133.03,133.1,133.22,133.31,133.33,133.32,133.36,133.31,133.35,133.37,133.17,133.1,133.01,133.07,133.2,133.52,133.41,133.39,133.38,133.39,133.11,133.17,133.34,133.38,133.32,133.34,133.33,133.34,133.43,133.42,133.38,133.42,133.4,133.3,133.37,133.09,133.17,133.15,133.05,132.97,132.96,132.95,132.99,132.77,132.81,132.73,132.79,132.81,132.85,133.21,133.14,133.09,133.073,133.17,133.1,133.15,133.27,133.19,133.11,133.08,133.04,133.12,132.97,133.04,133.27,133.37,133.53,133.54,133.58,133.63,133.83,133.81,133.94,133.97,133.95,133.93,133.77,133.69,133.76,133.62,133.63,133.69,133.56,133.5,133.64,133.61,133.69,133.84,133.9,133.9,133.72,133.64,133.72,133.63,133.71,133.64,133.72,133.67,133.48,133.09,133.12,132.87,132.79,132.68,132.74,132.8,132.76,132.85,132.85,132.99,133.01,132.97,,,,,,,,,,,,,,,,,,,,,,,,,,,,,,,,,,,,,,,,,,,,,,,,,,,,,,,,,,,,,,,,,,,,,,,,,,,,,,,,,,,,,,,,,,,,,,,,,,,,,,,,,,,
1/28/2008,133.29,133.27,133.17,133.1,133.04,132.85,132.71,132.7899,132.63,132.56,132.61,132.45,132.43,132.36,132.56,132.78,132.8,132.86,132.68,132.81,132.92,132.99,133.03,132.99,132.95,132.88,132.73,132.77,132.79,132.85,132.88,132.4,132.43,132.23,132.42,132.5,132.46,132.47,132.28,132.22,132.08,132.24,132.32,132.4,132.3299,132.4,132.62,132.54,132.52,132.43,132.55,132.76,132.91,133.24,133.08,132.935,132.89,132.96,133.14,133.24,133.41,133.42,133.49,133.33,133.13,133.43,133.49,133.29,133.25,133.1799,133.27,133.36,133.49,133.48,133.33,133.33,133.6,133.5,133.53,133.64,133.76,133.79,133.79,133.8,133.92,133.82,133.89,134.06,133.98,133.85,133.81,133.76,133.89,133.87,133.92,134.08,133.96,133.9422,133.9,133.9,133.82,133.95,134,134.08,134.01,134,133.97,133.88,133.88,133.67,133.57,133.67,133.5,133.57,133.69,133.73,133.8,133.83,133.81,133.96,133.9,133.93,134.05,134.13,134.28,134.3,134.29,134.21,134.28,134.22,134.24,134.29,134.25,134.22,134.16,134.11,134.08,134.06,134,134.12,134.15,134.11,134.07,133.94,133.96,133.94,133.92,134.03,133.89,133.84,133.8999,133.835,133.92,133.92,133.91,133.995,133.83,133.65,133.62,133.6,133.63,133.67,133.64,133.6,133.61,133.59,133.56,133.51,133.52,133.62,133.56,133.5,133.49,133.58,133.65,133.85,133.811,133.74,133.7597,133.63,133.66,133.74,133.69,133.86,133.75,133.74,133.63,133.6,133.51,133.62,133.65,133.62,133.69,133.93,133.94,134,133.92,134.04,134.08,134.1,134.17,134.05,134.07,133.98,133.94,133.9,133.94,133.95,134,133.98,134.04,133.99,134,134.11,134.25,134.4215,134.44,134.42,134.33,134.2,134.18,134.26,134.23,134.18,134.19,134.23,134.36,134.39,134.32,134.3,134.37,134.44,134.51,134.64,134.52,134.45,134.35,134.29,134.28,134.3,134.3,134.31,134.37,134.46,134.41,134.3,134.26,134.28,134.36,134.3,134.28,134.28,134.19,134.24,134.23,134.22,134.24,134.17,134.02,134.13,134.08,134.08,134.09,134.16,134.24,134.37,134.32,134.25,134.31,134.285,134.22,134.28,134.44,134.38,134.34,134.42,134.44,134.45,134.46,134.58,134.5702,134.67,134.59,134.51,134.5299,134.49,134.53,134.55,134.48,134.68,134.62,134.65,134.6,134.65,134.6,134.59,134.6299,134.7,134.7,134.64,134.51,134.58,134.6301,134.68,134.83,134.8001,134.86,134.85,134.8,134.68,134.76,134.76,134.74,134.7,134.79,134.76,134.82,134.8,134.61,134.5,134.49,134.36,134.3,134.28,134.33,134.36,134.29,134.25,134.3,134.29,134.28,134.2,134.2301,134.28,134.34,134.39,134.43,134.13,134.13,134.15,134.2,134.16,134.24,134.06,134.02,133.85,133.9,134.08,134.02,134.01,133.87,133.97,133.94,133.85,134.023,134.07,134.08,134.04,134.13,134.11,134.11,134.31,134.41,134.3,134.28,134.19,134.24,134.26,134.23,134.34,134.56,134.7,134.78,134.99,135.06,135.25,135.17,135.04,135.12,135.13,135.04,135.06,135.07,135.03,134.93,134.93,134.99,135.11,135.13,135.2,135.32,,,,,,,,,,,,,,,,,,,,,,,,,,,,,,,,,,,,,,,,,,,,,,,,,,,,,,,,,,,,,,,,,,,,,,,,,,,,,,,,,,,,,,,,,,,,,,,,,,,,,,,,,,,
1/29/2008,136.1,136.27,136.02,135.99,135.97,136.02,136.01,136,136.081,136.16,136.01,136.12,136.03,136,135.92,135.89,135.84,135.82,135.715,135.689,135.76,135.71,135.61,135.54,135.6,135.57,135.63,135.56,135.52,135.3022,135.25,135.26,134.93,135.19,135.31,135.29,135.39,135.46,135.57,135.41,135.32,135.65,135.62,135.68,135.77,135.74,135.74,135.69,135.78,135.6,135.59,135.775,135.86,135.78,135.81,135.77,135.95,135.71,135.89,135.86,135.88,135.87,135.9,135.8525,135.84,135.81,135.76,135.69,135.71,135.81,135.78,135.8,135.68,135.61,135.809,135.88,135.78,135.72,135.76,135.6,135.7,135.65,135.64,135.7199,135.69,135.61,135.55,135.59,135.68,135.8,135.73,135.89,135.92,135.99,135.94,135.93,136.06,136.04,136.08,136.08,136.07,136.149,135.98,136,136.01,136.06,135.98,136.02,136.09,136.07,136.18,136.17,136.11,136.0901,136.15,135.98,135.991,136.08,136.07,136.02,135.94,136.04,136.12,136.12,136.12,136.08,136.04,136.03,136.08,136.21,136.2,136.15,136.08,136.1,135.97,135.95,135.94,135.9,135.91,135.99,135.9,135.98,136.01,135.96,135.97,135.97,135.87,135.93,135.96,135.94,136.02,136.02,136.02,136,135.99,136.04,136.01,135.96,135.89,135.849,135.88,135.91,135.92,135.89,135.79,135.77,135.78,135.73,135.71,135.66,135.65,135.659,135.8,135.75,135.75,135.74,135.61,135.51,135.33,135.49,135.5,135.49,135.63,135.59,135.63,135.47,135.51,135.45,135.49,135.5,135.41,135.54,135.58,135.51,135.51,135.48,135.47,135.61,135.69,135.62,135.67,135.65,135.6399,135.68,135.65,135.61,135.58,135.64,135.501,135.56,135.53,135.53,135.6,135.57,135.49,135.48,135.42,135.429,135.42,135.45,135.44,135.47,135.5,135.53,135.48,135.4,135.46,135.49,135.55,135.51,135.52,135.51,135.48,135.49,135.49,135.5,135.53,135.69,135.61,135.72,135.69,135.68,135.67,135.67,135.66,135.75,135.78,135.78,135.89,135.89,135.87,135.83,135.9,135.93,135.92,135.94,135.83,135.87,135.84,135.78,135.84,135.82,135.7701,135.7,135.7,135.73,135.7,135.76,135.75,135.75,135.5699,135.61,135.62,135.64,135.64,135.51,135.44,135.47,135.48,135.49,135.43,135.491,135.46,135.42,135.57,135.44,135.51,135.56,135.59,135.63,135.63,135.62,135.63,135.6,135.55,135.649,135.68,135.69,135.78,135.8,135.77,135.75,135.75,135.81,135.75,135.68,135.65,135.65,135.65,135.67,135.69,135.68,135.7,135.7,135.62,135.66,135.65,135.75,135.75,135.72,135.74,135.8,135.87,135.84,135.8499,135.82,135.93,135.92,135.89,135.91,135.86,135.87,135.91,135.87,136.02,136.05,136.09,136.19,136.24,136.26,136.35,136.23,136.12,136.21,136.179,136.08,136.1,136.14,136.13,136.17,136.13,136.19,136.25,136.32,136.4,136.4,136.33,136.33,136.33,136.2,136.225,136.1,136.19,136.12,136.12,136.14,136.2,136.27,136.19,136.25,136.24,136.21,136.21,136.21,136.09,136.03,135.95,136.05,136.12,136.05,136.0201,136.11,136.13,136.23,136.21,136.1799,136.11,136.07,136.12,136.17,136.07,,,,,,,,,,,,,,,,,,,,,,,,,,,,,,,,,,,,,,,,,,,,,,,,,,,,,,,,,,,,,,,,,,,,,,,,,,,,,,,,,,,,,,,,,,,,,,,,,,,,,,,,,,,
1/30/2008,135.58,135.58,135.73,135.67,135.66,135.6,135.53,135.49,135.35,135.33,135.32,135.33,135.26,135.36,135.45,135.44,135.48,135.47,135.45,135.51,135.47,135.54,135.57,135.71,135.71,135.79,135.69,135.64,135.6601,135.77,135.76,135.91,135.8,135.83,135.87,135.84,135.73,135.79,135.87,135.94,135.99,136.061,136.09,136.0601,136.03,135.91,135.94,135.87,135.98,135.951,135.96,136.01,136.04,135.98,136.06,136.05,136.01,135.99,136.01,136,135.98,135.91,135.88,135.96,135.9,135.89,135.92,135.94,135.94,135.89,135.86,135.89,135.92,135.95,136.05,135.99,136.02,136.01,135.9401,135.93,135.91,135.91,135.97,135.98,136.05,136.06,136.16,136.01,136.05,136.09,136.06,136.05,136.03,135.99,135.95,135.91,135.89,135.91,135.99,135.95,135.91,135.89,135.9,135.93,135.89,135.9,135.83,135.86,135.77,135.76,135.7799,135.74,135.72,135.72,135.68,135.68,135.68,135.67,135.63,135.6,135.6,135.5999,135.68,135.68,135.69,135.7,135.66,135.68,135.71,135.74,135.67,135.66,135.67,135.61,135.6,135.59,135.62,135.62,135.63,135.69,135.83,135.78,135.77,135.77,135.78,135.64,135.5,135.48,135.55,135.59,135.65,135.62,135.61,135.64,135.68,135.73,135.77,135.8,135.77,135.81,135.75,135.75,135.78,135.82,135.84,135.83,135.83,135.82,135.85,135.84,135.78,135.82,135.8,135.74,135.76,135.79,135.761,135.75,135.69,135.695,135.68,135.72,135.75,135.73,135.73,135.69,135.69,135.72,135.61,135.62,135.59,135.62,135.64,135.62,135.62,135.6399,135.63,135.63,135.65,135.62,135.63,135.64,135.62,135.62,135.66,135.67,135.66,135.66,135.71,135.7,135.73,135.73,135.74,135.75,135.75,135.74,135.77,135.82,135.76,135.85,135.82,135.8,135.84,135.85,135.89,135.9,135.92,135.93,135.9101,135.91,135.95,135.92,135.92,135.87,135.85,135.83,135.82,135.94,135.9,135.9,135.87,135.865,135.83,135.79,135.79,135.77,135.79,135.79,135.76,135.76,135.75,135.76,135.76,135.69,135.7,135.69,135.6,135.61,135.71,135.61,135.62,135.62,135.6501,135.66,135.69,135.73,135.8,135.76,135.75,135.76,135.67,135.64,135.57,135.63,135.66,135.69,135.67,135.71,135.73,135.76,135.73,135.78,135.86,135.88,135.86,136.5,136.84,137.22,137.06,137.01,136.93,136.4,137.3,137.12,137.33,137.01,137.54,137.72,137.66,137.63,137.42,137.2,137.15,137.05,136.58,136.7,136.46,136.52,136.7,136.96,136.91,137.03,136.95,137.19,137.17,137.18,136.9499,137.19,137.24,137.47,137.42,137.55,137.53,137.51,137.74,137.73,137.62,137.78,137.73,137.95,138.08,138.13,138.16,138.06,138.21,138.17,138.41,138.43,138.31,138.19,138.1415,138.08,137.93,138.02,137.81,137.77,137.48,137.52,137.44,137.59,137.52,137.5,137.47,137.68,137.53,137.13,137.17,137.15,137.05,137.19,137.22,137.24,137.33,137.28,137.06,136.82,136.87,136.67,136.54,136.47,136.4,136.66,136.51,136.45,136.33,135.89,135.75,135.87,135.91,135.99,136.16,136.22,136.27,136.2,135.82,135.54,135.33,135.21,135.29,135.2,135.36,,,,,,,,,,,,,,,,,,,,,,,,,,,,,,,,,,,,,,,,,,,,,,,,,,,,,,,,,,,,,,,,,,,,,,,,,,,,,,,,,,,,,,,,,,,,,,,,,,,,,,,,,,,
1/31/2008,133.42,133.36,133.28,133.23,133.35,133.54,133.55,133.81,133.72,133.7,133.76,133.78,133.72,133.63,133.68,133.68,133.72,133.49,133.6,133.83,133.94,133.74,133.8,133.94,134.08,134.01,134.18,134.24,134.2,134.25,134.42,134.41,134.23,134.15,134.07,134.21,134.13,134.31,134.5199,134.36,134.6,134.59,134.53,134.57,134.7,134.77,134.66,134.55,134.53,134.67,134.41,134.35,134.55,134.5,134.38,134.4,134.53,134.61,134.62,134.71,134.87,134.77,134.7,134.63,134.67,134.71,134.66,134.46,134.45,134.35,134.41,134.439,134.53,134.53,134.49,134.44,134.56,134.55,134.56,134.48,134.64,134.5648,134.51,134.5,134.46,134.71,134.67,134.78,134.8,135.09,135.18,135.2099,135.19,135.21,135.16,135.16,135.07,135.03,134.97,134.92,134.9001,134.89,134.82,134.81,134.95,134.99,135.03,135.01,134.99,135.04,135.13,135.33,135.4,135.42,135.29,135.34,135.68,135.65,135.82,136.05,136.01,135.98,136.17,135.92,135.83,135.83,135.7899,135.86,135.74,135.72,135.69,135.77,135.76,135.76,135.84,135.98,136.13,136.16,136.41,136.65,136.58,136.57,136.8,136.98,137.18,137.35,137.04,136.95,136.98,136.84,136.79,136.72,136.71,136.7499,136.89,136.75,136.7,136.56,136.495,136.32,136.39,136.46,136.42,136.3,136.45,136.55,136.4206,136.3585,136.44,136.39,136.3,136.32,136.48,136.45,136.48,136.41,136.11,136.14,136.2,136.14,136.4,136.51,136.45,136.49,136.53,136.4,136.41,136.35,136.491,136.49,136.56,136.5,136.4,136.35,136.41,136.46,136.46,136.51,136.53,136.58,136.54,136.25,136.05,135.98,136,135.92,135.94,135.98,136.03,136.05,136.15,136.11,136.11,136.25,136.24,136.18,136.06,136.01,135.93,136,135.98,136.12,136.35,136.24,136.22,136.2201,136.2,136.16,136.15,136.18,136.16,136.05,136.18,136.15,136.1201,136.16,136.37,136.29,136.38,136.37,136.35,136.36,136.43,136.45,136.48,136.51,136.61,136.49,136.65,136.66,136.56,136.6,136.61,136.57,136.79,136.79,136.8,136.7,136.72,136.83,137.01,136.9299,136.9701,137.02,136.95,136.88,136.75,136.75,136.68,136.67,136.65,136.65,136.65,136.61,136.71,136.7,136.61,136.6,136.55,136.54,136.66,136.75,136.76,136.89,137.14,136.99,136.99,137.07,137.22,137.1,137.13,137.121,137.16,137.2,137.12,137.0825,137.11,137.04,136.95,136.9,136.97,136.99,137,136.971,136.85,137.08,137.18,136.98,136.8,136.78,136.75,136.67,136.69,136.76,136.82,136.84,137.01,137.22,137.25,137.2,137.32,137.41,137.09,137.01,137.15,137.04,137.18,137.215,137.3,137.35,137.54,137.52,137.52,137.42,137.29,137.23,137.29,137.39,137.37,137.53,137.59,137.62,137.71,137.5,137.6,137.72,137.64,137.58,137.6,137.53,137.49,137.46,137.57,137.82,137.88,137.9,137.98,137.94,137.84,137.84,137.91,138.05,137.93,137.95,137.88,137.75,137.6701,137.88,137.92,138.04,138.07,138.14,138.18,138.35,138.36,138.2199,138.23,138.41,138.43,138.43,138.45,138.52,138.36,138.06,137.71,137.26,137.23,137.48,137.12,137.63,137.33,,,,,,,,,,,,,,,,,,,,,,,,,,,,,,,,,,,,,,,,,,,,,,,,,,,,,,,,,,,,,,,,,,,,,,,,,,,,,,,,,,,,,,,,,,,,,,,,,,,,,,,,,,,
2/1/2008,137.92,137.86,138.08,138,138.19,138.16,137.88,137.81,137.89,137.92,138.06,137.92,137.92,137.89,138.01,138.05,138.24,138.39,138.49,138.65,138.56,138.575,138.54,138.64,138.48,138.42,138.5,138.49,138.53,138.58,138.55,138.96,138.75,138.95,139.24,139.23,139.26,139.39,139.46,139.41,139.2,139.22,139.14,139.22,139.32,139.14,139.2,139.13,139.07,139.11,138.97,138.87,139.03,138.72,138.59,138.66,138.56,138.34,138.5,138.61,138.58,138.42,138.26,138.07,138.13,138.1,138.17,138.19,138.13,138.18,138.25,138.2399,138.08,137.85,137.82,137.78,137.62,137.71,137.96,137.7,137.68,137.89,137.9,138.06,138.12,138.02,137.9999,137.91,137.97,137.96,137.91,137.8,137.93,138.03,138.1301,138.1,137.95,137.96,138,138,137.85,137.8,137.785,137.95,138.05,138.21,138.25,138.26,138.19,138.19,138.12,138.1,138.16,138.17,138.22,138.21,138.32,138.38,138.4,138.35,138.2,138.18,138.21,138.25,138.26,138.23,138.21,138.28,138.368,138.41,138.47,138.45,138.37,138.398,138.4,138.57,138.54,138.51,138.45,138.57,138.63,138.6,138.48,138.46,138.49,138.47,138.51,138.48,138.46,138.49,138.53,138.52,138.36,138.46,138.45,138.52,138.57,138.54,138.465,138.51,138.41,138.39,138.2,138.3,138.21,138.21,138.21,138.3,138.38,138.28,138.25,138.28,138.13,138.13,138.14,138.26,138.39,138.39,138.28,138.25,138.25,138.2,138.12,138.18,138.1,138.2,138.15,138.11,138.08,138.09,138.07,138.15,138.19,138.2,138.27,138.24,138.19,138.15,138.06,137.98,138,138.06,138.07,138.04,138.05,138.05,138.15,138.06,138.1,138.07,138.03,138.09,138.24,138.27,138.36,138.33,138.26,138.32,138.46,138.43,138.41,138.3,138.33,138.35,138.35,138.35,138.38,138.45,138.43,138.44,138.29,138.33,138.38,138.51,138.45,138.45,138.45,138.49,138.58,138.6,138.55,138.51,138.58,138.59,138.67,138.68,138.56,138.49,138.49,138.51,138.58,138.55,138.65,138.66,138.65,138.6,138.62,138.73,138.74,138.63,138.68,138.69,138.8,138.76,138.63,138.64,138.72,138.54,138.56,138.54,138.33,138.34,138.36,138.3,138.3,138.36,138.44,138.38,138.42,138.44,138.59,138.56,138.65,138.67,138.74,138.71,138.64,138.7101,138.73,138.72,138.76,138.86,138.82,138.72,138.92,138.9,138.93,138.92,138.81,138.95,138.9,138.96,139.08,139.1099,139.09,139.04,138.97,139.11,139.21,139.24,139.21,139.14,139.21,139.27,139.27,139.15,139.1401,139.06,139,139.04,139.04,139.14,139.15,139.175,139.23,139.21,139.32,139.1,139.12,139.18,139.17,139.11,139.15,139.09,139.11,139.2,139.32,139.4,139.35,139.31,139.31,139.38,139.24,139.28,139.24,139.21,138.95,139,139.02,139,139.12,139,138.96,139.04,139,139.05,139.17,139.25,139.28,139.3,139.25,139.24,139.3,139.35,139.32,139.32,139.27,139.22,139.23,139.27,139.26,139.48,139.46,139.5,139.4599,139.48,139.27,139.36,139.44,139.47,139.433,139.47,139.39,139.36,139.3,139.38,139.3301,139.33,139.31,139.34,139.45,,,,,,,,,,,,,,,,,,,,,,,,,,,,,,,,,,,,,,,,,,,,,,,,,,,,,,,,,,,,,,,,,,,,,,,,,,,,,,,,,,,,,,,,,,,,,,,,,,,,,,,,,,,
2/4/2008,139.19,139.15,139.15,139.01,139.03,139.01,139.01,138.99,138.86,138.9,138.77,138.76,138.86,138.76,138.76,138.82,138.768,138.83,138.82,138.71,138.7,138.51,138.47,138.51,138.53,138.69,138.76,138.75,138.63,138.6,138.65,138.68,138.44,138.31,138.48,138.45,138.49,138.44,138.23,138.32,138.31,138.44,138.53,138.55,138.62,138.53,138.65,138.6,138.58,138.64,138.65,138.54,138.58,138.49,138.52,138.59,138.56,138.54,138.55,138.56,138.58,138.38,138.34,138.36,138.45,138.25,138.22,138.23,138.25,138.38,138.34,138.35,138.34,138.38,138.4,138.57,138.54,138.53,138.54,138.58,138.56,138.53,138.49,138.56,138.65,138.71,138.71,138.57,138.59,138.61,138.6,138.64,138.69,138.7,138.61,138.628,138.49,138.48,138.54,138.55,138.73,138.75,138.65,138.7,138.7,138.74,138.81,138.76,138.82,138.85,138.8,138.78,138.81,138.8,138.73,138.74,138.76,138.77,138.72,138.75,138.81,138.86,138.93,138.91,138.9,138.88,138.74,138.79,138.73,138.77,138.71,138.69,138.71,138.57,138.65,138.68,138.7,138.73,138.8,138.76,138.74,138.76,138.76,138.79,138.78,138.85,138.87,138.85,138.74,138.63,138.63,138.6,138.62,138.54,138.5,138.49,138.53,138.52,138.49,138.5,138.51,138.45,138.46,138.55,138.48,138.51,138.58,138.53,138.53,138.56,138.5799,138.53,138.52,138.46,138.39,138.4,138.43,138.4,138.39,138.25,138.3,138.34,138.39,138.37,138.45,138.51,138.51,138.52,138.42,138.4,138.43,138.5,138.51,138.5,138.4125,138.48,138.5,138.53,138.56,138.54,138.52,138.53,138.52,138.4,138.41,138.4,138.56,138.52,138.56,138.54,138.51,138.53,138.55,138.49,138.47,138.41,138.34,138.21,138.09,138.1199,138.2,138.28,138.28,138.24,138.25,138.27,138.31,138.31,138.34,138.39,138.38,138.33,138.29,138.29,138.3,138.29,138.21,138.17,138.26,138.25,138.21,138.24,138.36,138.33,138.3,138.33,138.31,138.38,138.48,138.39,138.35,138.5,138.46,138.48,138.49,138.49,138.558,138.56,138.54,138.48,138.5,138.51,138.44,138.44,138.47,138.46,138.47,138.41,138.47,138.53,138.53,138.42,138.4,138.41,138.4,138.43,138.4,138.29,138.31,138.34,138.27,138.3,138.36,138.28,138.35,138.32,138.32,138.365,138.42,138.41,138.4,138.37,138.39,138.47,138.51,138.53,138.48,138.45,138.45,138.4,138.41,138.29,138.252,138.18,138.14,138.14,138.0799,138.04,138.08,138.11,137.98,137.96,138.05,138.06,138.01,138.11,138.12,138.12,138.17,138.23,138.19,138.2,138.16,138.05,138.04,138.09,137.95,138.03,138.1,138.22,138.22,138.24,138.19,138.23,138.25,138.38,138.33,138.34,138.29,138.29,138.3,138.31,138.35,138.27,138.31,138.38,138.39,138.45,138.36,138.41,138.35,138.29,138.33,138.46,138.42,138.41,138.33,138.35,138.34,138.4101,138.41,138.35,138.39,138.44,138.27,138.22,138.22,138.16,138.22,138.27,138.26,138.28,138.35,138.36,138.35,138.3,138.3,138.33,138.3,138.23,138.22,138.24,138.23,138.22,138.12,138.16,138.03,137.97,137.93,137.92,138,,,,,,,,,,,,,,,,,,,,,,,,,,,,,,,,,,,,,,,,,,,,,,,,,,,,,,,,,,,,,,,,,,,,,,,,,,,,,,,,,,,,,,,,,,,,,,,,,,,,,,,,,,,
2/5/2008,135.86,135.94,135.99,136.04,136.03,135.98,135.86,135.69,135.67,135.69,135.58,135.68,135.83,135.81,135.48,135.41,135.46,135.3199,135.3,135.41,135.36,135.51,135.58,135.69,135.84,135.85,135.86,136.04,136.19,136.0415,136.05,135.86,135.82,135.78,135.71,135.75,135.69,135.73,135.4515,135.55,135.66,135.68,135.61,135.7,135.7,135.6,135.5,135.69,135.84,135.8,135.65,135.81,135.7174,135.74,135.59,135.5401,135.59,135.89,136,135.94,136.15,136.19,136.13,136.01,136.02,135.83,135.79,135.82,135.79,135.88,135.95,135.92,135.79,135.84,135.71,135.69,135.71,135.67,135.65,135.53,135.47,135.4099,135.18,135.3399,135.39,135.36,135.4,135.33,135.39,135.55,135.44,135.39,135.33,135.31,135.32,135.31,135.07,135.03,135.08,135.01,135.15,135.14,135.23,135.2,135.19,135.28,135.29,135.22,135.21,135.19,135.15,135.13,135.33,135.27,135.28,135.31,135.36,135.33,135.28,135.32,135.23,135.16,135.25,135.46,135.45,135.42,135.59,135.61,135.48,135.528,135.53,135.44,135.49,135.51,135.458,135.46,135.61,135.81,135.71,135.66,135.74,135.77,135.65,135.55,135.65,135.63,135.71,135.76,135.72,135.84,135.7,135.58,135.56,135.56,135.54,135.54,135.62,135.53,135.53,135.46,135.46,135.53,135.37,135.33,135.35,135.41,135.38,135.35,135.28,135.37,135.41,135.36,135.26,135.21,135.19,135.22,135.2,135.32,135.26,135.14,135.11,135.13,135.23,135.11,135.07,135.16,135.1,134.85,134.8,134.9,134.99,134.95,134.99,135.02,135,135.06,134.97,135.01,135.2126,135.17,135.15,135.16,135.1999,135.26,135.21,135.2,135.21,135.19,135.17,135.14,135.02,135.17,135.33,135.27,135.12,135.14,135.09,135.13,135.02,134.96,134.81,134.7,134.56,134.73,134.72,134.74,134.74,134.65,134.79,134.81,134.89,134.83,134.95,134.89,134.92,134.86,134.88,134.83,134.79,134.72,134.76,134.86,134.84,134.79,134.58,134.59,134.595,134.44,134.47,134.59,134.601,134.57,134.55,134.68,134.6,134.508,134.46,134.6,134.58,134.34,134.42,134.43,134.45,134.48,134.44,134.59,134.51,134.51,134.47,134.44,134.52,134.42,134.21,134.36,134.38,134.32,134.24,134.51,134.55,134.58,134.61,134.69,134.61,134.63,134.65,134.58,134.51,134.54,134.53,134.64,134.74,134.73,134.7,134.67,134.5585,134.77,134.83,134.785,134.76,134.76,134.73,134.69,134.76,134.6699,134.77,134.83,134.91,134.94,134.94,135.05,135.05,135.02,134.94,134.89,134.83,134.88,134.7,134.6,134.61,134.68,134.675,134.6,134.6,134.69,134.58,134.69,134.65,134.66,134.61,134.47,134.48,134.43,134.31,134.33,134.2901,134.33,134.3,134.385,134.31,134.34,134.2,134.16,134.09,134.108,134.19,134.26,134.29,134.27,134.348,134.23,134.38,134.36,134.3,134.2699,134.18,134.24,134.21,134.22,133.95,134.04,134.18,134.27,134.27,134.36,134.24,134.29,134.49,134.51,134.48,134.47,134.41,134.25,134.1606,133.94,133.92,133.97,134.04,133.75,133.79,133.84,133.84,133.906,133.909,133.95,133.82,133.8799,133.808,133.8,133.78,133.76,133.73,,,,,,,,,,,,,,,,,,,,,,,,,,,,,,,,,,,,,,,,,,,,,,,,,,,,,,,,,,,,,,,,,,,,,,,,,,,,,,,,,,,,,,,,,,,,,,,,,,,,,,,,,,,
2/7/2008,132.08,132.19,132.34,132.36,132.48,132.48,132.6,132.77,132.76,132.4699,132.5499,132.51,132.34,132.2,132.32,132.41,132.27,132.1301,132.14,132.04,132.05,132.16,131.96,131.86,131.88,131.87,131.8,132.08,132.01,131.87,131.96,132.1,132.14,132.37,132.6,132.92,133.06,133.13,133.08,132.99,133.01,132.96,132.81,132.82,133.17,133.22,133.49,133.64,133.66,133.51,133.62,133.66,133.52,133.47,133.35,133.24,133.41,133.3,133.25,133.21,133.17,133.11,133.3,133.27,133.12,133.24,133.18,133.105,132.86,132.8,132.75,132.62,132.7,132.68,132.73,132.69,132.51,132.6,132.63,132.7,132.77,132.8,132.89,132.94,132.9,132.98,132.91,132.8,132.78,132.92,132.86,133.05,132.96,133.05,132.8,132.8,132.79,132.71,132.56,132.43,132.41,132.447,132.47,132.33,132.34,132.44,132.51,132.53,132.43,132.42,132.34,132.42,132.46,132.57,132.5699,132.64,132.54,132.49,132.47,132.37,132.44,132.61,132.5999,132.6,132.57,132.65,132.62,132.35,132.3,132.4,132.41,132.48,132.61,132.7,132.743,132.65,132.6301,132.62,132.61,132.75,132.8,132.74,132.72,132.76,132.72,132.77,132.812,132.85,132.78,132.8,132.82,132.82,132.74,132.76,132.74,132.76,132.67,132.74,132.73,132.7,132.71,132.68,132.72,132.7,132.74,132.73,132.76,132.83,132.9,132.91,132.88,132.92,132.86,132.83,132.81,132.84,132.83,132.87,133.02,133.01,133,133.08,133.218,133.32,133.42,133.42,133.36,133.3,133.42,133.3,133.33,133.27,133.3,133.22,133.22,133.27,133.35,133.21,133.25,133.28,133.44,133.4,133.49,133.5599,133.7,133.76,133.65,133.63,133.66,133.64,133.7,133.6,133.61,133.62,133.55,133.53,133.41,133.33,133.35,133.32,133.41,133.39,133.3,133.35,133.32,133.28,133.225,133.21,133.16,133.19,133.2,133.19,133.35,133.39,133.42,133.36,133.59,133.83,133.86,133.785,133.7,133.68,133.601,133.6,133.72,133.69,133.55,133.63,133.57,133.59,133.66,133.79,133.89,133.98,133.93,133.96,134.1,134.13,134.01,133.98,133.9999,133.99,134.02,134.02,134,134.11,134.1201,134.34,134.4,134.43,134.51,134.54,134.42,134.48,134.48,134.45,134.55,134.55,134.67,134.64,134.54,134.49,134.34,134.3,134.13,134.1,133.98,133.93,133.99,134.02,133.97,133.73,133.91,133.85,133.88,133.9,133.92,134.01,134.15,134.06,133.95,133.73,133.63,133.54,133.43,133.38,133.4,133.53,133.37,133.31,133.21,133.16,133.25,133.22,133.34,133.17,133.11,133.31,133.34,133.47,133.44,133.285,133.46,133.32,133.39,133.42,133.65,133.67,133.56,133.53,133.12,133.1,132.99,132.84,132.83,132.95,132.79,132.86,132.758,132.7,132.5,132.51,132.6,132.85,132.92,132.86,133.07,133.06,133.23,133.13,133.143,133.23,133.09,133.14,132.96,133.06,133.25,133.55,133.68,133.52,133.249,133.52,133.54,133.56,133.58,133.73,133.64,133.64,133.44,133.78,133.53,133.5,133.52,133.53,133.44,133.03,133.22,133.03,133.03,133.05,133.24,133.32,133.3,133.2,133.43,133.57,133.5,133.59,133.7,133.71,133.78,,,,,,,,,,,,,,,,,,,,,,,,,,,,,,,,,,,,,,,,,,,,,,,,,,,,,,,,,,,,,,,,,,,,,,,,,,,,,,,,,,,,,,,,,,,,,,,,,,,,,,,,,,,
2/8/2008,133.27,133.35,133.05,133.23,133.28,133.45,133.55,133.51,133.43,133.48,133.37,133.25,133,133.11,133.16,133.14,133.29,133.17,133.16,133.44,133.3325,133.36,133.44,133.39,133.43,133.59,133.53,133.538,133.68,133.79,133.83,133.67,133.55,133.75,133.68,133.88,134,133.9,133.91,133.88,133.8,133.73,133.72,133.8,133.95,133.78,133.75,133.7,133.7,133.72,133.7599,133.67,133.8,133.84,133.91,133.89,133.81,133.84,133.84,133.79,133.79,133.65,133.7,133.59,133.51,133.53,133.56,133.51,133.52,133.481,133.54,133.55,133.61,133.64,133.68,133.78,133.81,133.86,133.87,133.8,133.81,133.8,133.84,133.92,133.89,133.87,133.88,133.78,133.78,133.81,133.75,133.76,133.81,133.66,133.62,133.62,133.73,133.86,133.91,134.1,134.12,134.12,134.11,134.06,134.03,133.93,133.94,133.9,133.88,133.86,133.99,133.87,133.75,133.81,133.75,133.75,133.69,133.79,133.83,133.71,133.68,133.67,133.75,133.83,133.82,133.79,133.75,133.83,133.77,133.78,133.75,133.8,133.77,133.8,133.65,133.72,133.54,133.65,133.55,133.53,133.5,133.4,133.39,133.4,133.46,133.44,133.44,133.27,133.25,133.23,133.23,133.12,133.12,133.16,133.18,133.22,133.35,133.24,133.25,133.32,133.24,133.32,133.19,133.2,133.22,133.2178,133.08,133.07,133.08,133.07,133.09,133.01,132.8,132.82,132.92,132.9675,133.0799,133.08,133.12,133.1,133.25,133.29,133.26,133.18,133.17,133.13,133.09,133.13,133.14,133.16,133.17,133.06,133.2,133.24,133.271,133.23,133.15,133.09,133.02,132.8,132.84,133.07,133.01,132.98,133.06,133.05,133.13,133.15,133.14,133.15,133.28,133.24,133.17,133.15,133.16,133.11,133.15,133.08,133.03,133.06,133.12,133.16,133.08,132.9,132.92,132.82,132.65,132.69,132.71,132.74,132.64,132.54,132.58,132.59,132.69,132.67,132.68,132.73,132.78,132.85,132.8,132.79,132.74,132.55,132.57,132.58,132.48,132.38,132.42,132.37,132.35,132.33,132.2,132.18,132.33,132.36,132.29,132.471,132.66,132.64,132.6,132.94,132.78,132.75,132.72,132.68,132.62,132.74,132.7086,132.81,132.72,132.74,132.63,132.67,132.53,132.59,132.66,132.65,132.59,132.69,132.63,132.59,132.67,132.54,132.5,132.5675,132.65,132.73,132.8301,132.84,133.04,133.06,132.88,132.89,132.92,132.91,132.98,132.99,133.12,133.141,133.04,133.04,133.1,132.97,132.88,132.92,132.9,132.9,132.96,133.09,133.03,132.94,132.97,133.03,133,133.1,133.06,132.94,132.9,132.89,132.7501,132.87,132.88,132.88,132.81,132.81,132.85,132.95,132.87,132.82,132.63,132.68,132.64,132.67,132.61,132.59,132.6,132.75,132.59,132.69,132.71,132.76,132.7,132.68,132.57,132.67,132.76,132.82,132.76,132.9,132.94,132.89,132.7,132.65,132.72,132.81,132.8,132.86,132.88,133,132.98,132.97,133.31,133.31,133.26,133.41,133.35,133.335,133.22,133.03,133.11,133.2,133.18,133.16,133.29,133.33,133.5,133.56,133.67,133.59,133.52,133.42,133.11,133.15,133.21,133.11,133.02,132.93,132.97,133.01,133.12,,,,,,,,,,,,,,,,,,,,,,,,,,,,,,,,,,,,,,,,,,,,,,,,,,,,,,,,,,,,,,,,,,,,,,,,,,,,,,,,,,,,,,,,,,,,,,,,,,,,,,,,,,,
2/11/2008,133.12,133.07,132.93,133.07,133.2,133.281,133.29,133.29,133.23,133.21,132.9,132.86,132.8,132.79,132.91,132.79,132.51,132.6,132.81,132.78,132.61,132.77,132.67,132.55,132.41,132.56,132.6701,132.44,132.334,132.45,132.55,132.69,132.69,132.57,132.58,132.52,132.42,132.3,132.24,132.33,132.21,132.17,132.08,132.17,132.26,132.28,132.35,132.33,132.39,132.26,132.25,132.27,132.3,132.15,132.14,132.28,132.2,132.2699,132.26,132.34,132.49,132.41,132.36,132.43,132.47,132.53,132.56,132.48,132.47,132.5,132.46,132.4,132.43,132.5,132.45,132.49,132.57,132.54,132.53,132.4548,132.48,132.36,132.52,132.5099,132.57,132.71,132.71,132.73,132.72,132.8,132.77,132.78,132.7,132.69,132.73,132.81,132.95,133.06,132.99,133.03,133.01,133.04,133.11,133.15,133.09,132.981,133,133.06,133.05,133.15,133.13,133.15,133.28,133.25,133.25,133.16,133.08,132.96,133.01,133.02,132.99,132.84,132.89,132.89,132.97,132.96,132.93,133.02,132.96,132.86,132.87,132.96,132.94,132.96,132.99,133.06,133.03,132.98,132.9,132.92,132.88,132.89,132.87,132.88,132.91,132.97,132.92,132.89,132.8,132.85,132.84,132.9,132.95,133.11,133.09,133.19,133.23,133.38,133.4,133.35,133.32,133.35,133.28,133.31,133.33,133.33,133.43,133.335,133.3,133.18,133.25,133.22,133.23,133.17,133.16,133.11,133.1,133.15,133.13,133.17,133.11,133.03,133.13,133.1,133.19,133.29,133.351,133.38,133.52,133.58,133.585,133.58,133.55,133.55,133.66,133.67,133.83,133.87,133.84,133.87,133.86,133.77,133.8,133.83,133.78,133.9,133.85,133.79,133.85,133.84,133.87,134.05,134.05,134.08,133.99,134,133.92,133.89,133.81,133.76,133.79,133.82,133.8,133.87,133.93,133.88,133.82,133.73,133.73,133.78,133.68,133.77,133.82,133.77,133.71,133.78,133.78,133.75,133.77,133.93,134.05,134.14,134.07,134.06,133.98,134.05,133.95,133.96,133.91,133.96,133.98,134.01,134.08,133.94,133.94,133.95,133.92,133.95,133.93,133.84,133.92,133.98,134.0001,134.04,133.98,133.97,133.92,133.91,133.97,133.95,133.91,133.88,133.87,133.93,133.96,133.83,133.88,133.87,133.95,133.89,133.89,133.98,134.05,133.97,134.02,134.06,133.86,133.85,133.74,133.75,133.77,133.69,133.77,133.77,133.79,133.76,133.74,133.77,133.72,133.62,133.65,133.65,133.5601,133.54,133.53,133.58,133.58,133.53,133.48,133.49,133.53,133.5,133.5,133.58,133.62,133.63,133.65,133.76,133.8,133.76,133.79,133.78,133.82,133.82,133.8,133.89,133.8,133.79,133.77,133.78,133.72,133.73,133.77,133.53,133.6,133.71,133.71,133.73,133.74,133.695,133.85,133.85,133.97,133.99,133.99,133.99,133.97,133.85,133.82,133.9,133.87,133.99,133.97,133.96,134.17,134.16,134.08,134.03,134.1,134.06,134.08,133.95,134.05,134,134.01,133.97,134,133.98,133.85,133.86,133.85,133.83,133.7585,133.8,133.7,133.7,133.72,133.75,133.8,133.86,133.92,133.87,133.86,133.89,133.96,133.94,133.95,133.98,133.99,134.01,133.91,,,,,,,,,,,,,,,,,,,,,,,,,,,,,,,,,,,,,,,,,,,,,,,,,,,,,,,,,,,,,,,,,,,,,,,,,,,,,,,,,,,,,,,,,,,,,,,,,,,,,,,,,,,
